url	filename
http://file.lacounty.gov/SDSInter/dhs/1112993_834.1-AMAQuickReferenceGuide.pdf	1112993_834.1-AMAQuickReferenceGuide.pdf
http://file.lacounty.gov/SDSInter/dhs/1129220_1307-CareofthePatientwithAgitationMCG.pdf	1129220_1307-CareofthePatientwithAgitationMCG.pdf
http://file.lacounty.gov/SDSInter/dhs/1129221_1307.1-FlowchartforInitialAppoachtoSceneSafety.pdf	1129221_1307.1-FlowchartforInitialAppoachtoSceneSafety.pdf
http://file.lacounty.gov/SDSInter/dhs/1129222_1307.2-VerbalDe-Escalation.pdf	1129222_1307.2-VerbalDe-Escalation.pdf
http://file.lacounty.gov/SDSInter/dhs/1129223_1307.3-CommonEtiologiesofAgitation.pdf	1129223_1307.3-CommonEtiologiesofAgitation.pdf
http://file.lacounty.gov/SDSInter/dhs/1129225_1317.32-Olanzapine.pdf	1129225_1317.32-Olanzapine.pdf
http://file.lacounty.gov/SDSInter/dhs/1131166_422ParamedicProviderStatusforLE.pdf	1131166_422ParamedicProviderStatusforLE.pdf
http://file.lacounty.gov/SDSInter/dhs/1139722_1102.3DRCEquipmentReleaseAgreement.pdf	1139722_1102.3DRCEquipmentReleaseAgreement.pdf
http://file.lacounty.gov/SDSInter/dhs/1144175_Table1a-MinimumStandards-FY2021-2022.pdf	1144175_Table1a-MinimumStandards-FY2021-2022.pdf
http://file.lacounty.gov/SDSInter/dhs/1144176_Table1b-ChangesMadeonaStandardFY2021-2022.pdf	1144176_Table1b-ChangesMadeonaStandardFY2021-2022.pdf
http://file.lacounty.gov/SDSInter/dhs/1144177_Table1c2022EMSAnnualDataReport.pdf	1144177_Table1c2022EMSAnnualDataReport.pdf
http://file.lacounty.gov/SDSInter/dhs/1144669_EMSPlanFY2017-2018.pdf	1144669_EMSPlanFY2017-2018.pdf
http://file.lacounty.gov/SDSInter/dhs/1144670_EMSPlanFY2018-2019.pdf	1144670_EMSPlanFY2018-2019.pdf
http://file.lacounty.gov/SDSInter/dhs/1144671_EMSPlanFY2019-2020.pdf	1144671_EMSPlanFY2019-2020.pdf
http://file.lacounty.gov/SDSInter/dhs/1144672_EMSPlanFY2020-2021.pdf	1144672_EMSPlanFY2020-2021.pdf
http://file.lacounty.gov/SDSInter/dhs/1144673_1-Table2-EMSPlansystemorganizationandmanagementFY2021-22-AR.pdf	1144673_1-Table2-EMSPlansystemorganizationandmanagementFY2021-22-AR.pdf
http://file.lacounty.gov/SDSInter/dhs/1144674_Table_3PersonnelandTrainingFY21-22.pdf	1144674_Table_3PersonnelandTrainingFY21-22.pdf
http://file.lacounty.gov/SDSInter/dhs/1144675_Table4Communication2021-22.pdf	1144675_Table4Communication2021-22.pdf
http://file.lacounty.gov/SDSInter/dhs/1144676_Table5Response.Transportation2021-2022.pdf	1144676_Table5Response.Transportation2021-2022.pdf
http://file.lacounty.gov/SDSInter/dhs/1144677_Table6-Facilities.CriticalCare2021-2022.pdf	1144677_Table6-Facilities.CriticalCare2021-2022.pdf
http://file.lacounty.gov/SDSInter/dhs/1144678_Table7-CurrentDisasterMedical2022_FY2021-2022_.pdf	1144678_Table7-CurrentDisasterMedical2022_FY2021-2022_.pdf
http://file.lacounty.gov/SDSInter/dhs/1144679_Table8FY21-22.pdf	1144679_Table8FY21-22.pdf
http://file.lacounty.gov/SDSInter/dhs/1144680_Table9-CurrentFacilities2021-2022.pdf	1144680_Table9-CurrentFacilities2021-2022.pdf
http://file.lacounty.gov/SDSInter/dhs/1144681_Table10TrainingPrograms2022FY2021-22.pdf	1144681_Table10TrainingPrograms2022FY2021-22.pdf
http://file.lacounty.gov/SDSInter/dhs/1144682_Table11DispatchFY2021-2022.pdf	1144682_Table11DispatchFY2021-2022.pdf
http://file.lacounty.gov/SDSInter/dhs/1144683_EMSAgencyQIPlan21-22.pdf	1144683_EMSAgencyQIPlan21-22.pdf
http://file.lacounty.gov/SDSInter/dhs/1144684_Table12aStateAmbulanceZone2021-2022_CR.pdf	1144684_Table12aStateAmbulanceZone2021-2022_CR.pdf
http://file.lacounty.gov/SDSInter/dhs/1144689_Table14LACountySpecialyProgramEMSPlanFY21-22FINAL.pdf	1144689_Table14LACountySpecialyProgramEMSPlanFY21-22FINAL.pdf
http://file.lacounty.gov/SDSInter/dhs/1144690_2-ALSAgreement2023.pdf	1144690_2-ALSAgreement2023.pdf
http://file.lacounty.gov/SDSInter/dhs/1145336_ChangeLog506.1TraumaTriageDecisionScheme.pdf	1145336_ChangeLog506.1TraumaTriageDecisionScheme.pdf
http://file.lacounty.gov/SDSInter/dhs/1145339_ChangeLog703.1PrivateProviderIFTALSUnitInventory.pdf	1145339_ChangeLog703.1PrivateProviderIFTALSUnitInventory.pdf
http://file.lacounty.gov/SDSInter/dhs/1145342_ChangeLog710BLSAmbulanceEquipment.pdf	1145342_ChangeLog710BLSAmbulanceEquipment.pdf
http://file.lacounty.gov/SDSInter/dhs/1145343_ChangeLog712NurseStaffedSCTUnitInventory.pdf	1145343_ChangeLog712NurseStaffedSCTUnitInventory.pdf
http://file.lacounty.gov/SDSInter/dhs/1154455_EMSPlanCompleteBinderFY21-22.pdf	
http://file.lacounty.gov/SDSInter/dhs/1158184_424TriagetoAlternateDestinationProgram.pdf	1158184_424TriagetoAlternateDestinationProgram.pdf
http://file.lacounty.gov/SDSInter/dhs/1163127_1307.4EMSandLawEnforcementCo-Response2024-07-01.pdf	1163127_1307.4EMSandLawEnforcementCo-Response2024-07-01.pdf
https://file.lacounty.gov/SDSInter/dhs/1004352_1309-ColorCodeDrugDosesLACountyKids11-01-2016.pdf	
https://file.lacounty.gov/SDSInter/dhs/1005363_8424.pdf	1005363_8424.pdf
https://file.lacounty.gov/SDSInter/dhs/1006557_401.2_11-15-16.pdf	1006557_401.2_11-15-16.pdf
https://file.lacounty.gov/SDSInter/dhs/1011246_911112819signed.pdf	1011246_911112819signed.pdf
https://file.lacounty.gov/SDSInter/dhs/1016600_322-StrokeStandards20170109-signed.pdf	1016600_322-StrokeStandards20170109-signed.pdf
https://file.lacounty.gov/SDSInter/dhs/1018989_20114117.pdf	1018989_20114117.pdf
https://file.lacounty.gov/SDSInter/dhs/1018990_510-4-01-17_00000002_.pdf	1018990_510-4-01-17_00000002_.pdf
https://file.lacounty.gov/SDSInter/dhs/1020361_518_4-1-2017.pdf	1020361_518_4-1-2017.pdf
https://file.lacounty.gov/SDSInter/dhs/1021014_703_0401-17.pdf	1021014_703_0401-17.pdf
https://file.lacounty.gov/SDSInter/dhs/1021015_704_04-01-17.pdf	1021015_704_04-01-17.pdf
https://file.lacounty.gov/SDSInter/dhs/1021016_706_04-01-17.pdf	1021016_706_04-01-17.pdf
https://file.lacounty.gov/SDSInter/dhs/1021018_712_4-01-17.pdf	1021018_712_4-01-17.pdf
https://file.lacounty.gov/SDSInter/dhs/1021020_719_4-1-17.pdf	1021020_719_4-1-17.pdf
https://file.lacounty.gov/SDSInter/dhs/1021192_PublicAppEMTPrograms201703.pdf	1021192_PublicAppEMTPrograms201703.pdf
https://file.lacounty.gov/SDSInter/dhs/1021235_2017-Mar-ApprovedParamedicPrograms.pdf	1021235_2017-Mar-ApprovedParamedicPrograms.pdf
https://file.lacounty.gov/SDSInter/dhs/1021461_Ref713.pdf	1021461_Ref713.pdf
https://file.lacounty.gov/SDSInter/dhs/1021587_BHFInstructionManual.pdf	1021587_BHFInstructionManual.pdf
https://file.lacounty.gov/SDSInter/dhs/1021588_EMSReportFormInstructionManual.pdf	1021588_EMSReportFormInstructionManual.pdf
https://file.lacounty.gov/SDSInter/dhs/1021589_LA-EMSDataDictionary.pdf	1021589_LA-EMSDataDictionary.pdf
https://file.lacounty.gov/SDSInter/dhs/1021764_201_7-1-17.pdf	1021764_201_7-1-17.pdf
https://file.lacounty.gov/SDSInter/dhs/1023379_6067-1-17.pdf	1023379_6067-1-17.pdf
https://file.lacounty.gov/SDSInter/dhs/1027671_Ref316.pdf	1027671_Ref316.pdf
https://file.lacounty.gov/SDSInter/dhs/1028015_517-PrivateProviderTransportGuidelines20171001-signed.pdf	1028015_517-PrivateProviderTransportGuidelines20171001-signed.pdf
https://file.lacounty.gov/SDSInter/dhs/1028376_838.pdf	1028376_838.pdf
https://file.lacounty.gov/SDSInter/dhs/1028419_Amb_EOA_101216.pdf	1028419_Amb_EOA_101216.pdf
https://file.lacounty.gov/SDSInter/dhs/1029811_Ref1138.320170701.pdf	1029811_Ref1138.320170701.pdf
https://file.lacounty.gov/SDSInter/dhs/1029999_416.1.pdf	1029999_416.1.pdf
https://file.lacounty.gov/SDSInter/dhs/1030000_416.2.pdf	1030000_416.2.pdf
https://file.lacounty.gov/SDSInter/dhs/1030200_302.pdf	1030200_302.pdf
https://file.lacounty.gov/SDSInter/dhs/1030597_5201AHMTransferProcess.pdf	1030597_5201AHMTransferProcess.pdf
https://file.lacounty.gov/SDSInter/dhs/1031386_227.1EMSDispatchGuidelines.pdf	1031386_227.1EMSDispatchGuidelines.pdf
https://file.lacounty.gov/SDSInter/dhs/1031433_TraumaDataDictionary2018.pdf	1031433_TraumaDataDictionary2018.pdf
https://file.lacounty.gov/SDSInter/dhs/1032385_621.2.pdf	1032385_621.2.pdf
https://file.lacounty.gov/SDSInter/dhs/1034666_822.2a08-01-17.pdf	1034666_822.2a08-01-17.pdf
https://file.lacounty.gov/SDSInter/dhs/1035966_701.1.pdf	1035966_701.1.pdf
https://file.lacounty.gov/SDSInter/dhs/1035967_703.1.pdf	1035967_703.1.pdf
https://file.lacounty.gov/SDSInter/dhs/1036072_622.1.pdf	1036072_622.1.pdf
https://file.lacounty.gov/SDSInter/dhs/1040361_1200.4BLSUpgradetoALSAssessment2018-04-30.pdf	1040361_1200.4BLSUpgradetoALSAssessment2018-04-30.pdf
https://file.lacounty.gov/SDSInter/dhs/1040378_1201Assessment2018-04-30.pdf	1040378_1201Assessment2018-04-30.pdf
https://file.lacounty.gov/SDSInter/dhs/1040379_1202GeneralMedical2018-04-25.pdf	1040379_1202GeneralMedical2018-04-25.pdf
https://file.lacounty.gov/SDSInter/dhs/1040380_1203DiabeticEmergencies2018-05-30.pdf	1040380_1203DiabeticEmergencies2018-05-30.pdf
https://file.lacounty.gov/SDSInter/dhs/1040381_1204FeverSepsis2018-04-24.pdf	1040381_1204FeverSepsis2018-04-24.pdf
https://file.lacounty.gov/SDSInter/dhs/1040382_1205GIGU2018-04-24.pdf	1040382_1205GIGU2018-04-24.pdf
https://file.lacounty.gov/SDSInter/dhs/1040383_1206MedicalDeviceMalfunction2018-04-24.pdf	1040383_1206MedicalDeviceMalfunction2018-04-24.pdf
https://file.lacounty.gov/SDSInter/dhs/1040386_1209Behavioral_PsychiatricCrisis2018-04-25.pdf	1040386_1209Behavioral_PsychiatricCrisis2018-04-25.pdf
https://file.lacounty.gov/SDSInter/dhs/1040387_1210CardiacArrest2018-05-30.pdf	1040387_1210CardiacArrest2018-05-30.pdf
https://file.lacounty.gov/SDSInter/dhs/1040388_1211CardiacChestPain2018-04-25.pdf	1040388_1211CardiacChestPain2018-04-25.pdf
https://file.lacounty.gov/SDSInter/dhs/1040389_1212CardiacDysrhythmia-Bradycardia2018-04-25.pdf	1040389_1212CardiacDysrhythmia-Bradycardia2018-04-25.pdf
https://file.lacounty.gov/SDSInter/dhs/1040391_1213CardiacDysrhythmia-Tachycardia2018-04-29.pdf	1040391_1213CardiacDysrhythmia-Tachycardia2018-04-29.pdf
https://file.lacounty.gov/SDSInter/dhs/1040395_1214PulmonaryEdema2018-04-25.pdf	1040395_1214PulmonaryEdema2018-04-25.pdf
https://file.lacounty.gov/SDSInter/dhs/1040396_1215ChildbirthMother2018-04-29.pdf	1040396_1215ChildbirthMother2018-04-29.pdf
https://file.lacounty.gov/SDSInter/dhs/1040397_1217PregnancyComplication2018-04-29.pdf	1040397_1217PregnancyComplication2018-04-29.pdf
https://file.lacounty.gov/SDSInter/dhs/1040399_1219Allergy2018-05-30.pdf	1040399_1219Allergy2018-05-30.pdf
https://file.lacounty.gov/SDSInter/dhs/1040400_1220Burns2018-04-24.pdf	1040400_1220Burns2018-04-24.pdf
https://file.lacounty.gov/SDSInter/dhs/1040402_1222Hyperthermia_Environmental2018-04-24.pdf	1040402_1222Hyperthermia_Environmental2018-04-24.pdf
https://file.lacounty.gov/SDSInter/dhs/1040403_1223Hypothermia_ColdInjury2018-04-24.pdf	1040403_1223Hypothermia_ColdInjury2018-04-24.pdf
https://file.lacounty.gov/SDSInter/dhs/1040404_1224Stings_VenomousBites2018-04-24.pdf	1040404_1224Stings_VenomousBites2018-04-24.pdf
https://file.lacounty.gov/SDSInter/dhs/1040405_1225Submersion2018-04-24.pdf	1040405_1225Submersion2018-04-24.pdf
https://file.lacounty.gov/SDSInter/dhs/1040406_1226ENTDentalEmergencies2018-04-24.pdf	1040406_1226ENTDentalEmergencies2018-04-24.pdf
https://file.lacounty.gov/SDSInter/dhs/1040407_1228EyeProblem-Unspecified2018-04-24.pdf	1040407_1228EyeProblem-Unspecified2018-04-24.pdf
https://file.lacounty.gov/SDSInter/dhs/1040408_1229ALOC2018-04-25.pdf	1040408_1229ALOC2018-04-25.pdf
https://file.lacounty.gov/SDSInter/dhs/1040409_1230Dizziness_Vertigo2018-04-24.pdf	1040409_1230Dizziness_Vertigo2018-04-24.pdf
https://file.lacounty.gov/SDSInter/dhs/1040410_1231Seizure2018-04-25.pdf	1040410_1231Seizure2018-04-25.pdf
https://file.lacounty.gov/SDSInter/dhs/1040413_1234Airwayobstruction2018-04-24.pdf	1040413_1234Airwayobstruction2018-04-24.pdf
https://file.lacounty.gov/SDSInter/dhs/1040417_1239DystonicReaction2018-04-24.pdf	1040417_1239DystonicReaction2018-04-24.pdf
https://file.lacounty.gov/SDSInter/dhs/1040421_1243TraumaticArrest2018-04-25.pdf	1040421_1243TraumaticArrest2018-04-25.pdf
https://file.lacounty.gov/SDSInter/dhs/1040455_1202-PGeneralMedical2018-04-25.pdf	1040455_1202-PGeneralMedical2018-04-25.pdf
https://file.lacounty.gov/SDSInter/dhs/1040456_1203-PDiabeticEmergencies2018-05-30.pdf	1040456_1203-PDiabeticEmergencies2018-05-30.pdf
https://file.lacounty.gov/SDSInter/dhs/1040457_1204-PFeverSepsis2018-04-24.pdf	1040457_1204-PFeverSepsis2018-04-24.pdf
https://file.lacounty.gov/SDSInter/dhs/1040458_1205-PGI-GUEmergencies2018-04-24.pdf	1040458_1205-PGI-GUEmergencies2018-04-24.pdf
https://file.lacounty.gov/SDSInter/dhs/1040459_1206-PMedicalDeviceMalfunction2018-04-24.pdf	1040459_1206-PMedicalDeviceMalfunction2018-04-24.pdf
https://file.lacounty.gov/SDSInter/dhs/1040462_1209-PBehavioralPsychCrisis2018-04-24.pdf	1040462_1209-PBehavioralPsychCrisis2018-04-24.pdf
https://file.lacounty.gov/SDSInter/dhs/1040466_1215-PChildbirthMother2018-04-29.pdf	1040466_1215-PChildbirthMother2018-04-29.pdf
https://file.lacounty.gov/SDSInter/dhs/1040468_1217-PPregnancyComplication2018-04-29.pdf	1040468_1217-PPregnancyComplication2018-04-29.pdf
https://file.lacounty.gov/SDSInter/dhs/1040469_1218PregnancyLabor2018-04-25.pdf	1040469_1218PregnancyLabor2018-04-25.pdf
https://file.lacounty.gov/SDSInter/dhs/1040471_1220-PBurns2018-04-24.pdf	1040471_1220-PBurns2018-04-24.pdf
https://file.lacounty.gov/SDSInter/dhs/1040472_1221-PElectrocution2018-04-25.pdf	1040472_1221-PElectrocution2018-04-25.pdf
https://file.lacounty.gov/SDSInter/dhs/1040473_1222-PHyperthermia_Environmental_2018-04-24.pdf	1040473_1222-PHyperthermia_Environmental_2018-04-24.pdf
https://file.lacounty.gov/SDSInter/dhs/1040474_1223-PHypothermia-ColdInjury2018-04-24.pdf	1040474_1223-PHypothermia-ColdInjury2018-04-24.pdf
https://file.lacounty.gov/SDSInter/dhs/1040475_1224-PStings-VenomousBites2018-04-24.pdf	1040475_1224-PStings-VenomousBites2018-04-24.pdf
https://file.lacounty.gov/SDSInter/dhs/1040476_1225-PSubmersion2018-04-24.pdf	1040476_1225-PSubmersion2018-04-24.pdf
https://file.lacounty.gov/SDSInter/dhs/1040477_1226-PENTDentalEmergencies2018-04-24.pdf	1040477_1226-PENTDentalEmergencies2018-04-24.pdf
https://file.lacounty.gov/SDSInter/dhs/1040479_1228-PEyeProblem2018-04-24.pdf	1040479_1228-PEyeProblem2018-04-24.pdf
https://file.lacounty.gov/SDSInter/dhs/1040480_1229-PALOC2018-04-25.pdf	1040480_1229-PALOC2018-04-25.pdf
https://file.lacounty.gov/SDSInter/dhs/1040481_1230-PDizziness_Vertigo2018-04-24.pdf	1040481_1230-PDizziness_Vertigo2018-04-24.pdf
https://file.lacounty.gov/SDSInter/dhs/1040483_1232-PStroke_CVA_TIA2018-04-25.pdf	1040483_1232-PStroke_CVA_TIA2018-04-25.pdf
https://file.lacounty.gov/SDSInter/dhs/1040484_1233-PSyncope_NearSyncope2018-04-24.pdf	1040484_1233-PSyncope_NearSyncope2018-04-24.pdf
https://file.lacounty.gov/SDSInter/dhs/1040485_1234-PAirwayObstruction2018-04-25.pdf	1040485_1234-PAirwayObstruction2018-04-25.pdf
https://file.lacounty.gov/SDSInter/dhs/1040486_1235-PBRUE2018-04-29.pdf	1040486_1235-PBRUE2018-04-29.pdf
https://file.lacounty.gov/SDSInter/dhs/1040490_1239-PDystonicReaction2018-04-24.pdf	1040490_1239-PDystonicReaction2018-04-24.pdf
https://file.lacounty.gov/SDSInter/dhs/1040492_1241-POverdose_Poisoning_Ingestion2018-04-25.pdf	1040492_1241-POverdose_Poisoning_Ingestion2018-04-25.pdf
https://file.lacounty.gov/SDSInter/dhs/1040494_1243-PTraumaticArrest2018-04-25.pdf	1040494_1243-PTraumaticArrest2018-04-25.pdf
https://file.lacounty.gov/SDSInter/dhs/1040504_1200.2BaseContactRequirements.pdf	1040504_1200.2BaseContactRequirements.pdf
https://file.lacounty.gov/SDSInter/dhs/1040509_1207Shock-Hypotension.pdf	1040509_1207Shock-Hypotension.pdf
https://file.lacounty.gov/SDSInter/dhs/1040510_1207-PShock-Hypotension.pdf	1040510_1207-PShock-Hypotension.pdf
https://file.lacounty.gov/SDSInter/dhs/1040512_1212-PCardiacDysrhythmia-Bradycardia.pdf	1040512_1212-PCardiacDysrhythmia-Bradycardia.pdf
https://file.lacounty.gov/SDSInter/dhs/1040513_1216-PNewborn_NeonatalResus.pdf	1040513_1216-PNewborn_NeonatalResus.pdf
https://file.lacounty.gov/SDSInter/dhs/1040515_1219-PAllergy.pdf	1040515_1219-PAllergy.pdf
https://file.lacounty.gov/SDSInter/dhs/1040516_1232StrokeCVATIA.pdf	1040516_1232StrokeCVATIA.pdf
https://file.lacounty.gov/SDSInter/dhs/1040522_1301-CodeofEthics.pdf	1040522_1301-CodeofEthics.pdf
https://file.lacounty.gov/SDSInter/dhs/1040525_1317-DrugReference.pdf	1040525_1317-DrugReference.pdf
https://file.lacounty.gov/SDSInter/dhs/1040526_1340-OnlineMedicalControl_HospitalNotification.pdf	1040526_1340-OnlineMedicalControl_HospitalNotification.pdf
https://file.lacounty.gov/SDSInter/dhs/1040527_1373-TPQIFalloutDataDictionary.pdf	1040527_1373-TPQIFalloutDataDictionary.pdf
https://file.lacounty.gov/SDSInter/dhs/1040593_1303-CathLabActivation.pdf	1040593_1303-CathLabActivation.pdf
https://file.lacounty.gov/SDSInter/dhs/1040594_1310-CEWDeployment.pdf	1040594_1310-CEWDeployment.pdf
https://file.lacounty.gov/SDSInter/dhs/1040595_1315-CPAP.pdf	1040595_1315-CPAP.pdf
https://file.lacounty.gov/SDSInter/dhs/1040596_1320-LOC.pdf	1040596_1320-LOC.pdf
https://file.lacounty.gov/SDSInter/dhs/1040597_1325-MCSDevices.pdf	1040597_1325-MCSDevices.pdf
https://file.lacounty.gov/SDSInter/dhs/1040598_1330-MedicationOrders_Administration.pdf	1040598_1330-MedicationOrders_Administration.pdf
https://file.lacounty.gov/SDSInter/dhs/1040599_1335-NeedleThoracostomy.pdf	1040599_1335-NeedleThoracostomy.pdf
https://file.lacounty.gov/SDSInter/dhs/1040600_1345-PainManagement.pdf	1040600_1345-PainManagement.pdf
https://file.lacounty.gov/SDSInter/dhs/1040601_1350-PediatricPatients.pdf	1040601_1350-PediatricPatients.pdf
https://file.lacounty.gov/SDSInter/dhs/1040602_1355-PerfusionStatus.pdf	1040602_1355-PerfusionStatus.pdf
https://file.lacounty.gov/SDSInter/dhs/1040603_1360-SpinalMotionRestriction.pdf	1040603_1360-SpinalMotionRestriction.pdf
https://file.lacounty.gov/SDSInter/dhs/1040604_1365-TCP.pdf	1040604_1365-TCP.pdf
https://file.lacounty.gov/SDSInter/dhs/1040605_1370-TraumaticHemorrhageControl.pdf	1040605_1370-TraumaticHemorrhageControl.pdf
https://file.lacounty.gov/SDSInter/dhs/1040607_1380-VitalSigns.pdf	1040607_1380-VitalSigns.pdf
https://file.lacounty.gov/SDSInter/dhs/1040608_1308-CardiacMonitoringand12-LeadECG.pdf	1040608_1308-CardiacMonitoringand12-LeadECG.pdf
https://file.lacounty.gov/SDSInter/dhs/1045637_AttachementA-EMSOrgChartQI4-19-18.pdf	1045637_AttachementA-EMSOrgChartQI4-19-18.pdf
https://file.lacounty.gov/SDSInter/dhs/1045639_AttachmentC-LACountyEMSAgencyCoreMeasuresReportingSpreadsheet-DataYear2016FINAL.pdf	1045639_AttachmentC-LACountyEMSAgencyCoreMeasuresReportingSpreadsheet-DataYear2016FINAL.pdf
https://file.lacounty.gov/SDSInter/dhs/1045640_AttachmentD-AnnualDataPCRReport.pdf	1045640_AttachmentD-AnnualDataPCRReport.pdf
https://file.lacounty.gov/SDSInter/dhs/1045641_AttachmentE-BaseMandatoryDataElements.pdf	1045641_AttachmentE-BaseMandatoryDataElements.pdf
https://file.lacounty.gov/SDSInter/dhs/1045642_AttachmentF-EMSSystemReportIssue6_2017.pdf	1045642_AttachmentF-EMSSystemReportIssue6_2017.pdf
https://file.lacounty.gov/SDSInter/dhs/1045643_AttachmentG-WFCData.pdf	1045643_AttachmentG-WFCData.pdf
https://file.lacounty.gov/SDSInter/dhs/1053422_1317.1-Adenosine2018-07-01.pdf	1053422_1317.1-Adenosine2018-07-01.pdf
https://file.lacounty.gov/SDSInter/dhs/1053470_1200.1GeneralInstructions2018-07-01.pdf	1053470_1200.1GeneralInstructions2018-07-01.pdf
https://file.lacounty.gov/SDSInter/dhs/1053878_1218-PPregnancyLabor2018-06-01.pdf	1053878_1218-PPregnancyLabor2018-06-01.pdf
https://file.lacounty.gov/SDSInter/dhs/1053936_1317.11-CalciumChloride2018-07-01.pdf	1053936_1317.11-CalciumChloride2018-07-01.pdf
https://file.lacounty.gov/SDSInter/dhs/1053938_1317.15-Diphenhydramine2018-07-01.pdf	1053938_1317.15-Diphenhydramine2018-07-01.pdf
https://file.lacounty.gov/SDSInter/dhs/1053940_1317.17-Epinephrine2018-07-01.pdf	1053940_1317.17-Epinephrine2018-07-01.pdf
https://file.lacounty.gov/SDSInter/dhs/1053941_1317.19-Fentanyl2019-04-01.pdf	1053941_1317.19-Fentanyl2019-04-01.pdf
https://file.lacounty.gov/SDSInter/dhs/1053944_1317.23-Lidocaine2018-07-01.pdf	1053944_1317.23-Lidocaine2018-07-01.pdf
https://file.lacounty.gov/SDSInter/dhs/1053947_1317.27-Morphine2019-04-01.pdf	1053947_1317.27-Morphine2019-04-01.pdf
https://file.lacounty.gov/SDSInter/dhs/1053948_1317.29-Noloxone2019-04-01.pdf	1053948_1317.29-Noloxone2019-04-01.pdf
https://file.lacounty.gov/SDSInter/dhs/1053949_1317.3-Albuterol2018-07-01.pdf	1053949_1317.3-Albuterol2018-07-01.pdf
https://file.lacounty.gov/SDSInter/dhs/1053951_1317.31-Nitroglycerin2019-04-19.pdf	1053951_1317.31-Nitroglycerin2019-04-19.pdf
https://file.lacounty.gov/SDSInter/dhs/1053952_1317.33-Ondansetron2018-07-01.pdf	1053952_1317.33-Ondansetron2018-07-01.pdf
https://file.lacounty.gov/SDSInter/dhs/1053953_1317.35-Oxygen2018-07-01.pdf	1053953_1317.35-Oxygen2018-07-01.pdf
https://file.lacounty.gov/SDSInter/dhs/1053955_1317.37-PralidoximeChloride2018-07-01.pdf	1053955_1317.37-PralidoximeChloride2018-07-01.pdf
https://file.lacounty.gov/SDSInter/dhs/1053956_1317.39-SodiumBicarbonate2018-07-01.pdf	1053956_1317.39-SodiumBicarbonate2018-07-01.pdf
https://file.lacounty.gov/SDSInter/dhs/1053957_1317.5-Amiodarone2018-07-01.pdf	1053957_1317.5-Amiodarone2018-07-01.pdf
https://file.lacounty.gov/SDSInter/dhs/1053958_1317.7-Aspirin2018-07-01.pdf	1053958_1317.7-Aspirin2018-07-01.pdf
https://file.lacounty.gov/SDSInter/dhs/1053959_1317.9-Atropine2019-04-01.pdf	1053959_1317.9-Atropine2019-04-01.pdf
https://file.lacounty.gov/SDSInter/dhs/1055023_205-ITACommittee.pdf	1055023_205-ITACommittee.pdf
https://file.lacounty.gov/SDSInter/dhs/1055024_216-PedAC.pdf	1055024_216-PedAC.pdf
https://file.lacounty.gov/SDSInter/dhs/1055025_218-THAC.pdf	1055025_218-THAC.pdf
https://file.lacounty.gov/SDSInter/dhs/1058181_VOEForm_414.1RCP_RN_HRCombo072019.pdf	1058181_VOEForm_414.1RCP_RN_HRCombo072019.pdf
https://file.lacounty.gov/SDSInter/dhs/1058376_401.1AmbulanceOperators06242019CP.pdf	
https://file.lacounty.gov/SDSInter/dhs/1061938_412.2AEDAnnualReport10-01-19.pdf	1061938_412.2AEDAnnualReport10-01-19.pdf
https://file.lacounty.gov/SDSInter/dhs/1066913_324SARTCenterStandards.pdf	1066913_324SARTCenterStandards.pdf
https://file.lacounty.gov/SDSInter/dhs/1068614_1305-Capnography.pdf	1068614_1305-Capnography.pdf
https://file.lacounty.gov/SDSInter/dhs/1069966_1142-PolicyWaivers.pdf	1069966_1142-PolicyWaivers.pdf
https://file.lacounty.gov/SDSInter/dhs/1070721_508.1SARTRoster.pdf	1070721_508.1SARTRoster.pdf
https://file.lacounty.gov/SDSInter/dhs/1070747_1142.1.pdf	1070747_1142.1.pdf
https://file.lacounty.gov/SDSInter/dhs/1072858_451.5NoticeofViolation-EOA.pdf	1072858_451.5NoticeofViolation-EOA.pdf
https://file.lacounty.gov/SDSInter/dhs/1074969_1357-PPE.pdf	1074969_1357-PPE.pdf
https://file.lacounty.gov/SDSInter/dhs/1075386_LACountyTreatmentProtocols.pdf	1075386_LACountyTreatmentProtocols.pdf
https://file.lacounty.gov/SDSInter/dhs/1076193_1317_22-Ketoroloc.pdf	1076193_1317_22-Ketoroloc.pdf
https://file.lacounty.gov/SDSInter/dhs/1076352_506.29-1-1TraumaRe-Triage.pdf	1076352_506.29-1-1TraumaRe-Triage.pdf
https://file.lacounty.gov/SDSInter/dhs/1077483_322.1-StrokePerformanceMeasures.pdf	1077483_322.1-StrokePerformanceMeasures.pdf
https://file.lacounty.gov/SDSInter/dhs/1078387_419PrehospitalEMSAircraftOperations.pdf	1078387_419PrehospitalEMSAircraftOperations.pdf
https://file.lacounty.gov/SDSInter/dhs/1078868_326PsychUCCStandards.pdf	1078868_326PsychUCCStandards.pdf
https://file.lacounty.gov/SDSInter/dhs/1078869_328SoberingCenterStandards.pdf	1078869_328SoberingCenterStandards.pdf
https://file.lacounty.gov/SDSInter/dhs/1078884_526PsychUCCPatientDestination.pdf	1078884_526PsychUCCPatientDestination.pdf
https://file.lacounty.gov/SDSInter/dhs/1078885_526.1PsychUCCMedicalClearanceScreeningTool.pdf	1078885_526.1PsychUCCMedicalClearanceScreeningTool.pdf
https://file.lacounty.gov/SDSInter/dhs/1078886_528IntoxicatedPatientDestination.pdf	1078886_528IntoxicatedPatientDestination.pdf
https://file.lacounty.gov/SDSInter/dhs/1078887_528.1SoberingCenterMedicalClearanceScreeningTool.pdf	1078887_528.1SoberingCenterMedicalClearanceScreeningTool.pdf
https://file.lacounty.gov/SDSInter/dhs/1101145_JAHATTM.120.016652.pdf	1101145_JAHATTM.120.016652.pdf
https://file.lacounty.gov/SDSInter/dhs/1101210_1337-NaloxoneDistribution.pdf	1101210_1337-NaloxoneDistribution.pdf
https://file.lacounty.gov/SDSInter/dhs/1101799_1143-MedicalOversightDuringCOVID-19Outbreak.pdf	1101799_1143-MedicalOversightDuringCOVID-19Outbreak.pdf
https://file.lacounty.gov/SDSInter/dhs/1101800_11431-SecondaryTriageHospitals.pdf	1101800_11431-SecondaryTriageHospitals.pdf
https://file.lacounty.gov/SDSInter/dhs/1109163_NACoPressRelease.pdf	1109163_NACoPressRelease.pdf
https://file.lacounty.gov/SDSInter/dhs/1109354_648SRCDataDictionary.pdf	1109354_648SRCDataDictionary.pdf
https://file.lacounty.gov/SDSInter/dhs/1111067_503.2-DiversionRequestQuickReferenceGuide.pdf	1111067_503.2-DiversionRequestQuickReferenceGuide.pdf
https://file.lacounty.gov/SDSInter/dhs/1112224_EMSAgencyQIPlan.pdf	
https://file.lacounty.gov/SDSInter/dhs/1136378_mpk_shooting_victims_flyer.pdf	1136378_mpk_shooting_victims_flyer.pdf
https://file.lacounty.gov/SDSInter/dhs/1141547_FINAL_PressRelease_LAC_USCRenamingFinal215pm5.2CLEAN.pdf	1141547_FINAL_PressRelease_LAC_USCRenamingFinal215pm5.2CLEAN.pdf
https://file.lacounty.gov/SDSInter/dhs/1144173_1-ExecutiveSummary2022_FY2021-2022__005_.pdf	1144173_1-ExecutiveSummary2022_FY2021-2022__005_.pdf
https://file.lacounty.gov/SDSInter/dhs/1145172_450AmbulanceOrdinance.pdf	1145172_450AmbulanceOrdinance.pdf
https://file.lacounty.gov/SDSInter/dhs/1147073_ChangeLog506.29-1-1TraumaRe-Triage.pdf	1147073_ChangeLog506.29-1-1TraumaRe-Triage.pdf
https://file.lacounty.gov/SDSInter/dhs/1147074_ChangeLog516CardiacArrest_Non-Traumatic_PatientDestination.pdf	1147074_ChangeLog516CardiacArrest_Non-Traumatic_PatientDestination.pdf
https://file.lacounty.gov/SDSInter/dhs/1147079_ChangeLog1210CardiacArrest.pdf	1147079_ChangeLog1210CardiacArrest.pdf
https://file.lacounty.gov/SDSInter/dhs/1147085_ChangeLog1301PrehospitalCodeofEthics.pdf	1147085_ChangeLog1301PrehospitalCodeofEthics.pdf
https://file.lacounty.gov/SDSInter/dhs/1147089_ChangeLogMCG1370TraumaticHemorrhageControl.pdf	1147089_ChangeLogMCG1370TraumaticHemorrhageControl.pdf
https://file.lacounty.gov/SDSInter/dhs/1147090_ChangeLogMCG1373TPQIFalloutDataDictionary.pdf	1147090_ChangeLogMCG1373TPQIFalloutDataDictionary.pdf
https://file.lacounty.gov/SDSInter/dhs/1147105_1317.41-TXA.pdf	1147105_1317.41-TXA.pdf
https://file.lacounty.gov/SDSInter/dhs/1147576_ChangeLog703ALSUnitInventory.pdf	1147576_ChangeLog703ALSUnitInventory.pdf
https://file.lacounty.gov/SDSInter/dhs/1147577_ChangeLog704AssessmentUnitInventory.pdf	1147577_ChangeLog704AssessmentUnitInventory.pdf
https://file.lacounty.gov/SDSInter/dhs/1147578_ChangeLog706ALSEMSAircraftInventory.pdf	1147578_ChangeLog706ALSEMSAircraftInventory.pdf
https://file.lacounty.gov/SDSInter/dhs/1147579_ChangeLog713RespiratoryCarePractitionerSCTUnitInventory.pdf	1147579_ChangeLog713RespiratoryCarePractitionerSCTUnitInventory.pdf
https://file.lacounty.gov/SDSInter/dhs/1147580_ChangeLog719FirelineEMT-PInventory.pdf	1147580_ChangeLog719FirelineEMT-PInventory.pdf
https://file.lacounty.gov/SDSInter/dhs/1149693_ChangeLogMCG1345PainManagement.pdf	1149693_ChangeLogMCG1345PainManagement.pdf
https://file.lacounty.gov/SDSInter/dhs/1149694_ChangeLogMCG1350PediatricPatients.pdf	1149694_ChangeLogMCG1350PediatricPatients.pdf
https://file.lacounty.gov/SDSInter/dhs/1149695_ChangeLogMCG1357PPE_1_.pdf	1149695_ChangeLogMCG1357PPE_1_.pdf
https://file.lacounty.gov/SDSInter/dhs/1149713_ChangeLog1200.2BaseContactRequirements.pdf	1149713_ChangeLog1200.2BaseContactRequirements.pdf
https://file.lacounty.gov/SDSInter/dhs/1149714_ChangeLog1201Assessment.pdf	1149714_ChangeLog1201Assessment.pdf
https://file.lacounty.gov/SDSInter/dhs/1149726_ChangeLog834PatientRefusalofTreatmentTransportTreatandRelease.pdf	1149726_ChangeLog834PatientRefusalofTreatmentTransportTreatandRelease.pdf
https://file.lacounty.gov/SDSInter/dhs/1153888_ChangeLog418EMSAircraft.pdf	1153888_ChangeLog418EMSAircraft.pdf
https://file.lacounty.gov/SDSInter/dhs/1153890_ChangeLog503.1-DiversionRequestRequirementsforEDSat.pdf	1153890_ChangeLog503.1-DiversionRequestRequirementsforEDSat.pdf
https://file.lacounty.gov/SDSInter/dhs/1153891_ChangeLog503.2DiversionReqQuickReferenceGuide.pdf	1153891_ChangeLog503.2DiversionReqQuickReferenceGuide.pdf
https://file.lacounty.gov/SDSInter/dhs/1153892_ChangeLog506TraumaTriage.pdf	1153892_ChangeLog506TraumaTriage.pdf
https://file.lacounty.gov/SDSInter/dhs/1153893_ChangeLog508.1SARTCenterRoster.pdf	1153893_ChangeLog508.1SARTCenterRoster.pdf
https://file.lacounty.gov/SDSInter/dhs/1153894_ChangeLog512BurnPatientDestination.pdf	1153894_ChangeLog512BurnPatientDestination.pdf
https://file.lacounty.gov/SDSInter/dhs/1153895_ChangeLog526.1MedicalClearanceCriteriaScreeningToolPUCC.pdf	1153895_ChangeLog526.1MedicalClearanceCriteriaScreeningToolPUCC.pdf
https://file.lacounty.gov/SDSInter/dhs/1153896_ChangeLog528.1MedicalClearanceCriteriaScreeningToolSoberingCenter.pdf	1153896_ChangeLog528.1MedicalClearanceCriteriaScreeningToolSoberingCenter.pdf
https://file.lacounty.gov/SDSInter/dhs/1153897_ChangeLog607ElectronicSubmissionofPrehospitalData.pdf	1153897_ChangeLog607ElectronicSubmissionofPrehospitalData.pdf
https://file.lacounty.gov/SDSInter/dhs/1153898_ChangeLog622.4DataUseAgreement.pdf	1153898_ChangeLog622.4DataUseAgreement.pdf
https://file.lacounty.gov/SDSInter/dhs/1153899_ChangeLog1013EMSCEProviderApprovalandProgramRequirements.pdf	1153899_ChangeLog1013EMSCEProviderApprovalandProgramRequirements.pdf
https://file.lacounty.gov/SDSInter/dhs/1153900_ChangeLog1102DRCDesignationandMobilization.pdf	1153900_ChangeLog1102DRCDesignationandMobilization.pdf
https://file.lacounty.gov/SDSInter/dhs/1153901_ChangeLog1114RegionalEMSSurgeAssistancePlan.pdf	1153901_ChangeLog1114RegionalEMSSurgeAssistancePlan.pdf
https://file.lacounty.gov/SDSInter/dhs/1153902_ChangeLog1128DecontaminationTrailerDeploymentMCI.pdf	1153902_ChangeLog1128DecontaminationTrailerDeploymentMCI.pdf
https://file.lacounty.gov/SDSInter/dhs/1153903_ChangeLog1138BRCDesignationandActivation.pdf	1153903_ChangeLog1138BRCDesignationandActivation.pdf
https://file.lacounty.gov/SDSInter/dhs/1153904_ChangeLog1140MobileMedicalSystemDeployment.pdf	1153904_ChangeLog1140MobileMedicalSystemDeployment.pdf
https://file.lacounty.gov/SDSInter/dhs/1153905_ChangeLog1143MedicalOversightDuringInfectiousDiseaseSurge.pdf	1153905_ChangeLog1143MedicalOversightDuringInfectiousDiseaseSurge.pdf
https://file.lacounty.gov/SDSInter/dhs/1154336_1138.2LocalBurnSpecialistCallPanel.pdf	1154336_1138.2LocalBurnSpecialistCallPanel.pdf
https://file.lacounty.gov/SDSInter/dhs/1154341_1114HospitalEMSSurgeAssistance.pdf	1154341_1114HospitalEMSSurgeAssistance.pdf
https://file.lacounty.gov/SDSInter/dhs/1157835_ChangeLog805CaliforniaPoisonControlSystem.pdf	1157835_ChangeLog805CaliforniaPoisonControlSystem.pdf
https://file.lacounty.gov/SDSInter/dhs/1157836_ChangeLog816PhysicianattheScene.pdf	1157836_ChangeLog816PhysicianattheScene.pdf
https://file.lacounty.gov/SDSInter/dhs/1157837_ChangeLog819OrganDonorIdentification.pdf	1157837_ChangeLog819OrganDonorIdentification.pdf
https://file.lacounty.gov/SDSInter/dhs/1157838_ChangeLog906EMTTrainingProgramApproval.pdf	1157838_ChangeLog906EMTTrainingProgramApproval.pdf
https://file.lacounty.gov/SDSInter/dhs/1157839_ChangeLog911PublicSafetyFirstAidandBasicTacticalCasualtyCareTrainingProg.pdf	1157839_ChangeLog911PublicSafetyFirstAidandBasicTacticalCasualtyCareTrainingProg.pdf
https://file.lacounty.gov/SDSInter/dhs/1157841_ChangeLog1014EMTCertification.pdf	1157841_ChangeLog1014EMTCertification.pdf
https://file.lacounty.gov/SDSInter/dhs/1157842_ChangeLog1106MobilizationofLocalPharmaceuticalCaches.pdf	1157842_ChangeLog1106MobilizationofLocalPharmaceuticalCaches.pdf
https://file.lacounty.gov/SDSInter/dhs/1157843_ChangeLog1142PrehospitalCarePolicyWaivers.pdf	1157843_ChangeLog1142PrehospitalCarePolicyWaivers.pdf
https://file.lacounty.gov/SDSInter/dhs/1157844_ChangeLog1142.1PrehospitalCarePolicyWaiversRequestForm.pdf	1157844_ChangeLog1142.1PrehospitalCarePolicyWaiversRequestForm.pdf
https://file.lacounty.gov/SDSInter/dhs/1157847_ChangeLog1231Seizure.pdf	1157847_ChangeLog1231Seizure.pdf
https://file.lacounty.gov/SDSInter/dhs/1157852_ChangeLogMCG1317.25Midazolam.pdf	1157852_ChangeLogMCG1317.25Midazolam.pdf
https://file.lacounty.gov/SDSInter/dhs/1157854_ChangeLogMCG1365TranscutaneousPacing.pdf	1157854_ChangeLogMCG1365TranscutaneousPacing.pdf
https://file.lacounty.gov/SDSInter/dhs/1157858_ChangeLog606_DocumentationofPrehospitalCare.pdf	1157858_ChangeLog606_DocumentationofPrehospitalCare.pdf
https://file.lacounty.gov/SDSInter/dhs/1157865_ChangeLog502_PatientDestination.pdf	1157865_ChangeLog502_PatientDestination.pdf
https://file.lacounty.gov/SDSInter/dhs/1157866_ChangeLog411ProviderAgencyMedicalDirector.pdf	1157866_ChangeLog411ProviderAgencyMedicalDirector.pdf
https://file.lacounty.gov/SDSInter/dhs/1157867_ChangeLog409_1ALSUnitStaffingExceptionReport.pdf	1157867_ChangeLog409_1ALSUnitStaffingExceptionReport.pdf
https://file.lacounty.gov/SDSInter/dhs/1157868_ChangeLog409ReportingALSUnitStaffingExceptions.pdf	1157868_ChangeLog409ReportingALSUnitStaffingExceptions.pdf
https://file.lacounty.gov/SDSInter/dhs/1157869_ChangeLog306RequestforBaseHospitalsReassignmentofUnits.pdf	1157869_ChangeLog306RequestforBaseHospitalsReassignmentofUnits.pdf
https://file.lacounty.gov/SDSInter/dhs/1157870_ChangeLog304ParamedicBaseHospitalStandards.pdf	1157870_ChangeLog304ParamedicBaseHospitalStandards.pdf
https://file.lacounty.gov/SDSInter/dhs/1157871_ChangeLog228ReddinetUtilization.pdf	1157871_ChangeLog228ReddinetUtilization.pdf
https://file.lacounty.gov/SDSInter/dhs/1157873_ChangeLog218TraumaHospitalAdvisoryCommittee_THAC_.pdf	1157873_ChangeLog218TraumaHospitalAdvisoryCommittee_THAC_.pdf
https://file.lacounty.gov/SDSInter/dhs/1157874_ChangeLog216PediatricAdvisoryCommittee_PedAC_.pdf	1157874_ChangeLog216PediatricAdvisoryCommittee_PedAC_.pdf
https://file.lacounty.gov/SDSInter/dhs/1157875_ChangeLog214BaseHospitalandProviderAgencyReportingResponsibilities.pdf	1157875_ChangeLog214BaseHospitalandProviderAgencyReportingResponsibilities.pdf
https://file.lacounty.gov/SDSInter/dhs/1158281_913TADParamedicProviderProgramRequirements.pdf	1158281_913TADParamedicProviderProgramRequirements.pdf
https://file.lacounty.gov/SDSInter/dhs/1158282_ChangeLog1106_1AdultLPCInventory.pdf	1158282_ChangeLog1106_1AdultLPCInventory.pdf
https://file.lacounty.gov/SDSInter/dhs/1158292_1106.3LPCPhotograph.pdf	1158292_1106.3LPCPhotograph.pdf
https://file.lacounty.gov/SDSInter/dhs/1163127_1307.4EMSandLawEnforcementCo-Response2024-07-01.pdf	1163127_1307.4EMSandLawEnforcementCo-Response2024-07-01_90c6dfa8.pdf
https://file.lacounty.gov/SDSInter/dhs/1163138_ChangeLog324SARTCenterStandards.pdf	1163138_ChangeLog324SARTCenterStandards.pdf
https://file.lacounty.gov/SDSInter/dhs/1163139_ChangeLog316EDAPStandards.pdf	1163139_ChangeLog316EDAPStandards.pdf
https://file.lacounty.gov/SDSInter/dhs/1163147_ChangeLog450AmbulanceOrdinance.pdf	1163147_ChangeLog450AmbulanceOrdinance.pdf
https://file.lacounty.gov/SDSInter/dhs/1163156_ChangeLog802EmergencyMedicalTechnician_EMT_ScopeofPractice.pdf	1163156_ChangeLog802EmergencyMedicalTechnician_EMT_ScopeofPractice.pdf
https://file.lacounty.gov/SDSInter/dhs/1163157_ChangeLog802.1EmergencyMedicalTechnician_EMT_FieldReference.pdf	1163157_ChangeLog802.1EmergencyMedicalTechnician_EMT_FieldReference.pdf
https://file.lacounty.gov/SDSInter/dhs/1163158_ChangeLog815HonoringPrehospialDNR_POLST_EndofLifeOption.pdf	1163158_ChangeLog815HonoringPrehospialDNR_POLST_EndofLifeOption.pdf
https://file.lacounty.gov/SDSInter/dhs/1163159_ChangeLog815.1EMSPrehospitalDNRForm.pdf	1163159_ChangeLog815.1EMSPrehospitalDNRForm.pdf
https://file.lacounty.gov/SDSInter/dhs/1163160_ChangeLog815.2POLSTForm.pdf	1163160_ChangeLog815.2POLSTForm.pdf
https://file.lacounty.gov/SDSInter/dhs/1163161_ChangeLog815.3EndofLifeOptionFieldQuickReferenceGuide.pdf	1163161_ChangeLog815.3EndofLifeOptionFieldQuickReferenceGuide.pdf
https://file.lacounty.gov/SDSInter/dhs/1163162_ChangeLog1202GeneralMedical.pdf	1163162_ChangeLog1202GeneralMedical.pdf
https://file.lacounty.gov/SDSInter/dhs/1163163_ChangeLog1203DiabeticEmergencies.pdf	1163163_ChangeLog1203DiabeticEmergencies.pdf
https://file.lacounty.gov/SDSInter/dhs/1163164_ChangeLog1203-PDiabeticEmergencies.pdf	1163164_ChangeLog1203-PDiabeticEmergencies.pdf
https://file.lacounty.gov/SDSInter/dhs/1163165_ChangeLog1204Fever_Sepsis.pdf	1163165_ChangeLog1204Fever_Sepsis.pdf
https://file.lacounty.gov/SDSInter/dhs/1163166_ChangeLog1204-PFever_Sepsis.pdf	1163166_ChangeLog1204-PFever_Sepsis.pdf
https://file.lacounty.gov/SDSInter/dhs/1163168_ChangeLog1205GI_GUEmergencies.pdf	1163168_ChangeLog1205GI_GUEmergencies.pdf
https://file.lacounty.gov/SDSInter/dhs/1163169_ChangeLog1205-PGI_GUEmergencies.pdf	1163169_ChangeLog1205-PGI_GUEmergencies.pdf
https://file.lacounty.gov/SDSInter/dhs/1163170_ChangeLog1206MedicalDeviceMalfunction.pdf	1163170_ChangeLog1206MedicalDeviceMalfunction.pdf
https://file.lacounty.gov/SDSInter/dhs/1163171_ChangeLog1206-PMedicalDeviceMalfunction.pdf	1163171_ChangeLog1206-PMedicalDeviceMalfunction.pdf
https://file.lacounty.gov/SDSInter/dhs/1163172_ChangeLog1207Shock_Hypotension.pdf	1163172_ChangeLog1207Shock_Hypotension.pdf
https://file.lacounty.gov/SDSInter/dhs/1163173_ChangeLog1207-PShock_Hypotension.pdf	1163173_ChangeLog1207-PShock_Hypotension.pdf
https://file.lacounty.gov/SDSInter/dhs/1163174_ChangeLog1210-PCardiacArrest.pdf	1163174_ChangeLog1210-PCardiacArrest.pdf
https://file.lacounty.gov/SDSInter/dhs/1163175_ChangeLog1211CardiacChestPain.pdf	1163175_ChangeLog1211CardiacChestPain.pdf
https://file.lacounty.gov/SDSInter/dhs/1163177_ChangeLog1212CardiacDysrhythmia_Bradycardia.pdf	1163177_ChangeLog1212CardiacDysrhythmia_Bradycardia.pdf
https://file.lacounty.gov/SDSInter/dhs/1163178_ChangeLog1212-PCardiacDysrhythmia_Bradycardia.pdf	1163178_ChangeLog1212-PCardiacDysrhythmia_Bradycardia.pdf
https://file.lacounty.gov/SDSInter/dhs/1163179_ChangeLog1213CardiacDysrhythmia-Tachycardia.pdf	1163179_ChangeLog1213CardiacDysrhythmia-Tachycardia.pdf
https://file.lacounty.gov/SDSInter/dhs/1163181_ChangeLog1216-PNewborn_NeonatalResuscitation.pdf	1163181_ChangeLog1216-PNewborn_NeonatalResuscitation.pdf
https://file.lacounty.gov/SDSInter/dhs/1163182_ChangeLog1217PregnancyComplication.pdf	1163182_ChangeLog1217PregnancyComplication.pdf
https://file.lacounty.gov/SDSInter/dhs/1163183_ChangeLog1217-PPregnancyComplication.pdf	1163183_ChangeLog1217-PPregnancyComplication.pdf
https://file.lacounty.gov/SDSInter/dhs/1163184_ChangeLog1219Allergy.pdf	1163184_ChangeLog1219Allergy.pdf
https://file.lacounty.gov/SDSInter/dhs/1163185_ChangeLog1219-PAllergy.pdf	1163185_ChangeLog1219-PAllergy.pdf
https://file.lacounty.gov/SDSInter/dhs/1163186_ChangeLog1220Burns.pdf	1163186_ChangeLog1220Burns.pdf
https://file.lacounty.gov/SDSInter/dhs/1163187_ChangeLog1220-PBurns.pdf	1163187_ChangeLog1220-PBurns.pdf
https://file.lacounty.gov/SDSInter/dhs/1163188_ChangeLog1221Electrocution.pdf	1163188_ChangeLog1221Electrocution.pdf
https://file.lacounty.gov/SDSInter/dhs/1163189_ChangeLog1222Hyperthermia_Environmental.pdf	1163189_ChangeLog1222Hyperthermia_Environmental.pdf
https://file.lacounty.gov/SDSInter/dhs/1163190_ChangeLog1222-PHyperthermia_Environmental.pdf	1163190_ChangeLog1222-PHyperthermia_Environmental.pdf
https://file.lacounty.gov/SDSInter/dhs/1163191_ChangeLog1223Hypothermia_ColdInjury.pdf	1163191_ChangeLog1223Hypothermia_ColdInjury.pdf
https://file.lacounty.gov/SDSInter/dhs/1163192_ChangeLog1223-PHypothermia_ColdInjury.pdf	1163192_ChangeLog1223-PHypothermia_ColdInjury.pdf
https://file.lacounty.gov/SDSInter/dhs/1163193_ChangeLog1224Stings_VenemousBites.pdf	1163193_ChangeLog1224Stings_VenemousBites.pdf
https://file.lacounty.gov/SDSInter/dhs/1163194_ChangeLog1224-PStings_VenemousBites.pdf	1163194_ChangeLog1224-PStings_VenemousBites.pdf
https://file.lacounty.gov/SDSInter/dhs/1163195_ChangeLog1225Submersion.pdf	1163195_ChangeLog1225Submersion.pdf
https://file.lacounty.gov/SDSInter/dhs/1163196_ChangeLog1225-PSubmersion.pdf	1163196_ChangeLog1225-PSubmersion.pdf
https://file.lacounty.gov/SDSInter/dhs/1163197_ChangeLog1229ALOC.pdf	1163197_ChangeLog1229ALOC.pdf
https://file.lacounty.gov/SDSInter/dhs/1163198_ChangeLog1229-PALOC.pdf	1163198_ChangeLog1229-PALOC.pdf
https://file.lacounty.gov/SDSInter/dhs/1163199_ChangeLog1230Dizziness_Vertigo.pdf	1163199_ChangeLog1230Dizziness_Vertigo.pdf
https://file.lacounty.gov/SDSInter/dhs/1163200_ChangeLog1230-PDizziness_Vertigo.pdf	1163200_ChangeLog1230-PDizziness_Vertigo.pdf
https://file.lacounty.gov/SDSInter/dhs/1163201_ChangeLog1233Sycope_NearSyncope.pdf	1163201_ChangeLog1233Sycope_NearSyncope.pdf
https://file.lacounty.gov/SDSInter/dhs/1163202_ChangeLog1233-PSycope_NearSyncope.pdf	1163202_ChangeLog1233-PSycope_NearSyncope.pdf
https://file.lacounty.gov/SDSInter/dhs/1163203_ChangeLog1235-PBRUE.pdf	1163203_ChangeLog1235-PBRUE.pdf
https://file.lacounty.gov/SDSInter/dhs/1163212_ChangeLog1241Overdose-Poisoning-Ingestion.pdf	1163212_ChangeLog1241Overdose-Poisoning-Ingestion.pdf
https://file.lacounty.gov/SDSInter/dhs/1163213_ChangeLog1241-POverdose-Poisoning-Ingestion.pdf	1163213_ChangeLog1241-POverdose-Poisoning-Ingestion.pdf
https://file.lacounty.gov/SDSInter/dhs/1163214_ChangeLog1243TraumaticArrest.pdf	1163214_ChangeLog1243TraumaticArrest.pdf
https://file.lacounty.gov/SDSInter/dhs/1163215_ChangeLog1243-PTraumaticArrest.pdf	1163215_ChangeLog1243-PTraumaticArrest.pdf
https://file.lacounty.gov/SDSInter/dhs/1163219_ChangeLog1317-DrugReference_TableofContents.pdf	1163219_ChangeLog1317-DrugReference_TableofContents.pdf
https://file.lacounty.gov/SDSInter/dhs/1163220_ChangeLog1317.1-Adenosine.pdf	1163220_ChangeLog1317.1-Adenosine.pdf
https://file.lacounty.gov/SDSInter/dhs/1163221_ChangeLog1317.3-Albuterol.pdf	1163221_ChangeLog1317.3-Albuterol.pdf
https://file.lacounty.gov/SDSInter/dhs/1163222_ChangeLog1317.5-Amiodarone.pdf	1163222_ChangeLog1317.5-Amiodarone.pdf
https://file.lacounty.gov/SDSInter/dhs/1163223_ChangeLog1317.7-Aspirin.pdf	1163223_ChangeLog1317.7-Aspirin.pdf
https://file.lacounty.gov/SDSInter/dhs/1163224_ChangeLog1317.9-Atropine.pdf	1163224_ChangeLog1317.9-Atropine.pdf
https://file.lacounty.gov/SDSInter/dhs/1163225_ChangeLog1317.11-CalciumChloride.pdf	1163225_ChangeLog1317.11-CalciumChloride.pdf
https://file.lacounty.gov/SDSInter/dhs/1163227_ChangeLog1317.15-Diphenhydramine.pdf	1163227_ChangeLog1317.15-Diphenhydramine.pdf
https://file.lacounty.gov/SDSInter/dhs/1163228_ChangeLog1317.17-Epinephrine.pdf	1163228_ChangeLog1317.17-Epinephrine.pdf
https://file.lacounty.gov/SDSInter/dhs/1163229_ChangeLog1317.19-Fentanyl.pdf	1163229_ChangeLog1317.19-Fentanyl.pdf
https://file.lacounty.gov/SDSInter/dhs/1163231_ChangeLog1317.22-Ketorolac.pdf	1163231_ChangeLog1317.22-Ketorolac.pdf
https://file.lacounty.gov/SDSInter/dhs/1163232_ChangeLog1317.23-Lidocaine.pdf	1163232_ChangeLog1317.23-Lidocaine.pdf
https://file.lacounty.gov/SDSInter/dhs/1163233_ChangeLog1317.27-Morphine.pdf	1163233_ChangeLog1317.27-Morphine.pdf
https://file.lacounty.gov/SDSInter/dhs/1163234_ChangeLog1317.29-Naloxone.pdf	1163234_ChangeLog1317.29-Naloxone.pdf
https://file.lacounty.gov/SDSInter/dhs/1163235_ChangeLog1317.31-Nitroglycerin.pdf	1163235_ChangeLog1317.31-Nitroglycerin.pdf
https://file.lacounty.gov/SDSInter/dhs/1163237_ChangeLog1317.33-Ondansetron.pdf	1163237_ChangeLog1317.33-Ondansetron.pdf
https://file.lacounty.gov/SDSInter/dhs/1163238_ChangeLog1317.35-Oxygen.pdf	1163238_ChangeLog1317.35-Oxygen.pdf
https://file.lacounty.gov/SDSInter/dhs/1163239_ChangeLog1317.37-PralidoximeChloride_DuoDote.pdf	1163239_ChangeLog1317.37-PralidoximeChloride_DuoDote.pdf
https://file.lacounty.gov/SDSInter/dhs/1163240_ChangeLog1317.39-SodiumBicarbonate.pdf	1163240_ChangeLog1317.39-SodiumBicarbonate.pdf
https://file.lacounty.gov/SDSInter/dhs/1163241_ChangeLog1317.41TranexamicAcid_TXA_.pdf	1163241_ChangeLog1317.41TranexamicAcid_TXA_.pdf
https://file.lacounty.gov/SDSInter/dhs/1163242_ChangeLogMCG1308CardiacMonitoring_12LeadECG.pdf	1163242_ChangeLogMCG1308CardiacMonitoring_12LeadECG.pdf
https://file.lacounty.gov/SDSInter/dhs/1163264_ChangeLog517PrivateProviderAgencyTransport_ResponseGuidelines.pdf	1163264_ChangeLog517PrivateProviderAgencyTransport_ResponseGuidelines.pdf
https://file.lacounty.gov/SDSInter/dhs/1163265_ChangeLog521StrokePatientDestination.pdf	1163265_ChangeLog521StrokePatientDestination.pdf
https://file.lacounty.gov/SDSInter/dhs/1163509_802.1EMTFieldReference2024-07-01.pdf	1163509_802.1EMTFieldReference2024-07-01.pdf
https://file.lacounty.gov/SDSInter/dhs/1163570_ChangeLog1215Childbirth-Mother.pdf	1163570_ChangeLog1215Childbirth-Mother.pdf
https://file.lacounty.gov/SDSInter/dhs/1163571_ChangeLog1215-PChildbirthMother.pdf	1163571_ChangeLog1215-PChildbirthMother.pdf
https://file.lacounty.gov/SDSInter/dhs/1163577_ChangeLog1221-PElectrocution.pdf	1163577_ChangeLog1221-PElectrocution.pdf
https://file.lacounty.gov/SDSInter/dhs/1167648_ChangeLog205ITAC.pdf	1167648_ChangeLog205ITAC.pdf
https://file.lacounty.gov/SDSInter/dhs/1167670_ChangeLog302911ReceivingHospitalStandards.pdf	1167670_ChangeLog302911ReceivingHospitalStandards.pdf
https://file.lacounty.gov/SDSInter/dhs/1167676_ChangeLog515AirAmbulanceTransport.pdf	1167676_ChangeLog515AirAmbulanceTransport.pdf
https://file.lacounty.gov/SDSInter/dhs/1167677_ChangeLog1010MICNCertification.pdf	1167677_ChangeLog1010MICNCertification.pdf
https://file.lacounty.gov/SDSInter/dhs/1167680_ChangeLog1218-PPregnancy_Labor.pdf	1167680_ChangeLog1218-PPregnancy_Labor.pdf
https://file.lacounty.gov/SDSInter/dhs/1167681_ChangeLogMCG1355PerfusionStatus.pdf	1167681_ChangeLogMCG1355PerfusionStatus.pdf
https://file.lacounty.gov/SDSInter/dhs/1168294_ChangeLog513.1EDIFTSTEMI.pdf	1168294_ChangeLog513.1EDIFTSTEMI.pdf
https://file.lacounty.gov/SDSInter/dhs/1174858_ChangeLog212CountyAdministrativeStaffEMS.pdf	1174858_ChangeLog212CountyAdministrativeStaffEMS.pdf
https://file.lacounty.gov/SDSInter/dhs/1174859_ChangeLog401PublicProviderAgencyDirectory.pdf	1174859_ChangeLog401PublicProviderAgencyDirectory.pdf
https://file.lacounty.gov/SDSInter/dhs/1174860_ChangeLog622ReleaseofEMSData.pdf	1174860_ChangeLog622ReleaseofEMSData.pdf
https://file.lacounty.gov/SDSInter/dhs/1174861_ChangeLog622.1DataRequestandLevelsofSupport.pdf	1174861_ChangeLog622.1DataRequestandLevelsofSupport.pdf
https://file.lacounty.gov/SDSInter/dhs/1174862_ChangeLog622.2LimitedDataSetInformation.pdf	1174862_ChangeLog622.2LimitedDataSetInformation.pdf
https://file.lacounty.gov/SDSInter/dhs/1174863_ChangeLog622.3IntendedUseofLimitedDataSetInformation.pdf	1174863_ChangeLog622.3IntendedUseofLimitedDataSetInformation.pdf
https://file.lacounty.gov/SDSInter/dhs/1174864_ChangeLog622.5ConfidentialityAgreement.pdf	1174864_ChangeLog622.5ConfidentialityAgreement.pdf
https://file.lacounty.gov/SDSInter/dhs/1174865_ChangeLog842MassGatheringsInterfacewithEMS.pdf	1174865_ChangeLog842MassGatheringsInterfacewithEMS.pdf
https://file.lacounty.gov/SDSInter/dhs/1174867_ChangeLog1335NeedleThoracostomy.pdf	1174867_ChangeLog1335NeedleThoracostomy.pdf
https://file.lacounty.gov/SDSInter/dhs/1179050_622.2.pdf	1179050_622.2.pdf
https://file.lacounty.gov/SDSInter/dhs/1179051_622.3.pdf	1179051_622.3.pdf
https://file.lacounty.gov/SDSInter/dhs/1179052_622.4.pdf	1179052_622.4.pdf
https://file.lacounty.gov/SDSInter/dhs/1179054_622.5.pdf	1179054_622.5.pdf
https://file.lacounty.gov/SDSInter/dhs/1179056_622.pdf	1179056_622.pdf
https://file.lacounty.gov/SDSInter/dhs/1179269_202PolicyDevelopment.pdf	1179269_202PolicyDevelopment.pdf
https://file.lacounty.gov/SDSInter/dhs/1179828_202.1CommitteeAssignment.pdf	1179828_202.1CommitteeAssignment.pdf
https://file.lacounty.gov/SDSInter/dhs/1179829_202.2SummaryofComments.pdf	1179829_202.2SummaryofComments.pdf
https://file.lacounty.gov/SDSInter/dhs/1179830_207EMSCCommittees.pdf	1179830_207EMSCCommittees.pdf
https://file.lacounty.gov/SDSInter/dhs/1179831_210EMSAgencyOrgChart.pdf	1179831_210EMSAgencyOrgChart.pdf
https://file.lacounty.gov/SDSInter/dhs/1179832_215ELCoR.pdf	1179832_215ELCoR.pdf
https://file.lacounty.gov/SDSInter/dhs/1179833_222Downgrade.pdf	1179833_222Downgrade.pdf
https://file.lacounty.gov/SDSInter/dhs/1179834_318PMCStandards.pdf	1179834_318PMCStandards.pdf
https://file.lacounty.gov/SDSInter/dhs/1179835_320SRCStandards.pdf	1179835_320SRCStandards.pdf
https://file.lacounty.gov/SDSInter/dhs/1179836_320.1TargetTemperature.pdf	1179836_320.1TargetTemperature.pdf
https://file.lacounty.gov/SDSInter/dhs/1179837_320.2SampleSTEMIMOU.pdf	1179837_320.2SampleSTEMIMOU.pdf
https://file.lacounty.gov/SDSInter/dhs/1179838_320.3-SRCPerformanceMeasures.pdf	1179838_320.3-SRCPerformanceMeasures.pdf
https://file.lacounty.gov/SDSInter/dhs/1179839_420PrivateAmbulanceOperatorMedicalDirector.pdf	1179839_420PrivateAmbulanceOperatorMedicalDirector.pdf
https://file.lacounty.gov/SDSInter/dhs/1179840_505APOT.pdf	1179840_505APOT.pdf
https://file.lacounty.gov/SDSInter/dhs/1179842_506.2aTraumaCentersand911Umbrella.pdf	1179842_506.2aTraumaCentersand911Umbrella.pdf
https://file.lacounty.gov/SDSInter/dhs/1179843_519ManagementofMCI.pdf	1179843_519ManagementofMCI.pdf
https://file.lacounty.gov/SDSInter/dhs/1179844_620EMSQIProgram.pdf	1179844_620EMSQIProgram.pdf
https://file.lacounty.gov/SDSInter/dhs/1179845_702ControlledDrugs.pdf	1179845_702ControlledDrugs.pdf
https://file.lacounty.gov/SDSInter/dhs/1179846_702.1MedicalDirectorContolledDrug.pdf	1179846_702.1MedicalDirectorContolledDrug.pdf
https://file.lacounty.gov/SDSInter/dhs/1179847_702.2DailyControlledDrugInventory.pdf	1179847_702.2DailyControlledDrugInventory.pdf
https://file.lacounty.gov/SDSInter/dhs/1179848_702.3ControlledDrugLoss.pdf	1179848_702.3ControlledDrugLoss.pdf
https://file.lacounty.gov/SDSInter/dhs/1179849_702.4MonthlyDrugStorageForm.pdf	1179849_702.4MonthlyDrugStorageForm.pdf
https://file.lacounty.gov/SDSInter/dhs/1179850_803ParamedicScopeofPractice.pdf	1179850_803ParamedicScopeofPractice.pdf
https://file.lacounty.gov/SDSInter/dhs/1179851_803.1ParamedicFieldReference.pdf	1179851_803.1ParamedicFieldReference.pdf
https://file.lacounty.gov/SDSInter/dhs/1179852_807HazMatExposure.pdf	1179852_807HazMatExposure.pdf
https://file.lacounty.gov/SDSInter/dhs/1179853_807.1HazmatFlowchart.pdf	1179853_807.1HazmatFlowchart.pdf
https://file.lacounty.gov/SDSInter/dhs/1179854_817RegionalMobileResponseTeam.pdf	1179854_817RegionalMobileResponseTeam.pdf
https://file.lacounty.gov/SDSInter/dhs/1179855_823ElderAbuseGuidelines.pdf	1179855_823ElderAbuseGuidelines.pdf
https://file.lacounty.gov/SDSInter/dhs/1179856_823.1ReportofSuspectedDependentAdult_ElderAbuseForm.pdf	1179856_823.1ReportofSuspectedDependentAdult_ElderAbuseForm.pdf
https://file.lacounty.gov/SDSInter/dhs/1179857_823.1aSOC341GeneralInstructions.pdf	1179857_823.1aSOC341GeneralInstructions.pdf
https://file.lacounty.gov/SDSInter/dhs/1179858_904MICNRequirements.pdf	1179858_904MICNRequirements.pdf
https://file.lacounty.gov/SDSInter/dhs/1179859_1006ParamedicAccreditation.pdf	1179859_1006ParamedicAccreditation.pdf
https://file.lacounty.gov/SDSInter/dhs/1179860_1011MICNFieldObservation.pdf	1179860_1011MICNFieldObservation.pdf
https://file.lacounty.gov/SDSInter/dhs/1179861_1108ChempackDeploymentforNerveAgentRelease.pdf	1179861_1108ChempackDeploymentforNerveAgentRelease.pdf
https://file.lacounty.gov/SDSInter/dhs/1179862_1108.1ChempackInventory.pdf	1179862_1108.1ChempackInventory.pdf
https://file.lacounty.gov/SDSInter/dhs/1179863_1108.2ChempackPhotograph.pdf	1179863_1108.2ChempackPhotograph.pdf
https://file.lacounty.gov/SDSInter/dhs/1179864_1124DisasterExerciseDrills.pdf	1179864_1124DisasterExerciseDrills.pdf
https://file.lacounty.gov/SDSInter/dhs/1179865_1130TraumaCenterPreparedness.pdf	1179865_1130TraumaCenterPreparedness.pdf
https://file.lacounty.gov/SDSInter/dhs/1179866_1200.3ProviderImpression.pdf	1179866_1200.3ProviderImpression.pdf
https://file.lacounty.gov/SDSInter/dhs/1179867_1210-PCardiacArrest.pdf	1179867_1210-PCardiacArrest.pdf
https://file.lacounty.gov/SDSInter/dhs/1179868_1213-PCardiacDysrhythmia-Tachycardia.pdf	1179868_1213-PCardiacDysrhythmia-Tachycardia.pdf
https://file.lacounty.gov/SDSInter/dhs/1179869_1231-PSeizure.pdf	1179869_1231-PSeizure.pdf
https://file.lacounty.gov/SDSInter/dhs/1179870_1236InhalationInjury.pdf	1179870_1236InhalationInjury.pdf
https://file.lacounty.gov/SDSInter/dhs/1179871_1236-PInhalationInjury.pdf	1179871_1236-PInhalationInjury.pdf
https://file.lacounty.gov/SDSInter/dhs/1179872_1237RespDistress.pdf	1179872_1237RespDistress.pdf
https://file.lacounty.gov/SDSInter/dhs/1179873_1237-PRespiratoryDistress.pdf	1179873_1237-PRespiratoryDistress.pdf
https://file.lacounty.gov/SDSInter/dhs/1179874_1238CarbonMonoxidePoisoning.pdf	1179874_1238CarbonMonoxidePoisoning.pdf
https://file.lacounty.gov/SDSInter/dhs/1179875_1238-PCarbonMonoxideExposure.pdf	1179875_1238-PCarbonMonoxideExposure.pdf
https://file.lacounty.gov/SDSInter/dhs/1179876_1240HAZMAT.pdf	1179876_1240HAZMAT.pdf
https://file.lacounty.gov/SDSInter/dhs/1179877_1240-PHAZMAT.pdf	1179877_1240-PHAZMAT.pdf
https://file.lacounty.gov/SDSInter/dhs/1179878_1242CrushInjury.pdf	1179878_1242CrushInjury.pdf
https://file.lacounty.gov/SDSInter/dhs/1179879_1242-PCrushInjury-Syndrome.pdf	1179879_1242-PCrushInjury-Syndrome.pdf
https://file.lacounty.gov/SDSInter/dhs/1179880_1244TraumaticInjury.pdf	1179880_1244TraumaticInjury.pdf
https://file.lacounty.gov/SDSInter/dhs/1179881_1244-PTraumaticInjury.pdf	1179881_1244-PTraumaticInjury.pdf
https://file.lacounty.gov/SDSInter/dhs/1179882_1300-TableofContents.pdf	1179882_1300-TableofContents.pdf
https://file.lacounty.gov/SDSInter/dhs/1179883_1302-AirwayManagement.pdf	1179883_1302-AirwayManagement.pdf
https://file.lacounty.gov/SDSInter/dhs/1179884_1309-ColorCodeDrugDoses.pdf	1179884_1309-ColorCodeDrugDoses.pdf
https://file.lacounty.gov/SDSInter/dhs/1179885_1317.13-Dextrose.pdf	1179885_1317.13-Dextrose.pdf
https://file.lacounty.gov/SDSInter/dhs/1179886_1317.20-Glucagon.pdf	1179886_1317.20-Glucagon.pdf
https://file.lacounty.gov/SDSInter/dhs/1179887_1317.21-Hydroxocobalamin.pdf	1179887_1317.21-Hydroxocobalamin.pdf
https://file.lacounty.gov/SDSInter/dhs/1179888_1333-MonitoringTransfusionofBloodProducts.pdf	1179888_1333-MonitoringTransfusionofBloodProducts.pdf
https://file.lacounty.gov/SDSInter/dhs/1179889_1375-VascularAccess.pdf	1179889_1375-VascularAccess.pdf
https://file.lacounty.gov/SDSInter/dhs/1180413_519.1MCIDefinitions.pdf	1180413_519.1MCIDefinitions.pdf
https://file.lacounty.gov/SDSInter/dhs/1180420_519.2MCITriageGuidelines.pdf	1180420_519.2MCITriageGuidelines.pdf
https://file.lacounty.gov/SDSInter/dhs/1180427_519.3MCITransportManagement.pdf	1180427_519.3MCITransportManagement.pdf
https://file.lacounty.gov/SDSInter/dhs/1180432_519.4MCITransportPriority.pdf	1180432_519.4MCITransportPriority.pdf
https://file.lacounty.gov/SDSInter/dhs/1180437_519.5MCIFieldDecontaminationGuidelines.pdf	1180437_519.5MCIFieldDecontaminationGuidelines.pdf
https://file.lacounty.gov/SDSInter/dhs/1180443_519.6MCIMapsBedAvailabilityWorksheets.pdf	1180443_519.6MCIMapsBedAvailabilityWorksheets.pdf
https://file.lacounty.gov/SDSInter/dhs/1180448_519.6aMCINorthRegionMap.pdf	1180448_519.6aMCINorthRegionMap.pdf
https://file.lacounty.gov/SDSInter/dhs/1180454_519.6aMCINorthRegionWorksheet.pdf	1180454_519.6aMCINorthRegionWorksheet.pdf
https://file.lacounty.gov/SDSInter/dhs/1180461_519.6bMCISouthRegionMap.pdf	1180461_519.6bMCISouthRegionMap.pdf
https://file.lacounty.gov/SDSInter/dhs/1180464_519.6bMCISouthRegionWorksheet.pdf	1180464_519.6bMCISouthRegionWorksheet.pdf
https://file.lacounty.gov/SDSInter/dhs/1180465_519.6cMCIEastRegionMap.pdf	1180465_519.6cMCIEastRegionMap.pdf
https://file.lacounty.gov/SDSInter/dhs/1180466_519.6cMCIEastRegionWorksheet.pdf	1180466_519.6cMCIEastRegionWorksheet.pdf
https://file.lacounty.gov/SDSInter/dhs/1180467_519.6dMCIWestRegionMap.pdf	1180467_519.6dMCIWestRegionMap.pdf
https://file.lacounty.gov/SDSInter/dhs/1180468_519.6dMCIWestRegionWorksheet.pdf	1180468_519.6dMCIWestRegionWorksheet.pdf
https://file.lacounty.gov/SDSInter/dhs/1180952_ChangeLog807MedicalControlDuringHazardousMaterialExposure.pdf	1180952_ChangeLog807MedicalControlDuringHazardousMaterialExposure.pdf
https://file.lacounty.gov/SDSInter/dhs/1180953_ChangeLog807.1PrehospitalHazmatIncidentFlowchart.pdf	1180953_ChangeLog807.1PrehospitalHazmatIncidentFlowchart.pdf
https://file.lacounty.gov/SDSInter/dhs/1180954_ChangeLog817RegionalMobileResponseTeam.pdf	1180954_ChangeLog817RegionalMobileResponseTeam.pdf
https://file.lacounty.gov/SDSInter/dhs/1180955_ChangeLog823ElderAbuseandDependentAdultAbuseReportingGuidelines.pdf	1180955_ChangeLog823ElderAbuseandDependentAdultAbuseReportingGuidelines.pdf
https://file.lacounty.gov/SDSInter/dhs/1180956_ChangeLog823.1ReportofSuspectedDependentAdultElderAbuseForm.pdf	1180956_ChangeLog823.1ReportofSuspectedDependentAdultElderAbuseForm.pdf
https://file.lacounty.gov/SDSInter/dhs/1180957_ChangeLog823.1aReportofSuspectedDependentAdultElderAbuseGeneralInstructions.pdf	1180957_ChangeLog823.1aReportofSuspectedDependentAdultElderAbuseGeneralInstructions.pdf
https://file.lacounty.gov/SDSInter/dhs/1180958_ChangeLog904MobileIntensiveCareNurse_MICN_DevelopmentProgramRequirements.pdf	1180958_ChangeLog904MobileIntensiveCareNurse_MICN_DevelopmentProgramRequirements.pdf
https://file.lacounty.gov/SDSInter/dhs/1180959_ChangeLog1006ParamedicAccreditation.pdf	1180959_ChangeLog1006ParamedicAccreditation.pdf
https://file.lacounty.gov/SDSInter/dhs/1180960_ChangeLog1011MobileIntensiveCareNurse_MICN_FieldObservation.pdf	1180960_ChangeLog1011MobileIntensiveCareNurse_MICN_FieldObservation.pdf
https://file.lacounty.gov/SDSInter/dhs/1180961_ChangeLog1108ChempackDeploymentforNerveAgentRelease.pdf	1180961_ChangeLog1108ChempackDeploymentforNerveAgentRelease.pdf
https://file.lacounty.gov/SDSInter/dhs/1180962_ChangeLog1108.1ChempackInventoryList.pdf	1180962_ChangeLog1108.1ChempackInventoryList.pdf
https://file.lacounty.gov/SDSInter/dhs/1180963_ChangeLog1108.2ChempackPhotograph.pdf	1180963_ChangeLog1108.2ChempackPhotograph.pdf
https://file.lacounty.gov/SDSInter/dhs/1180964_ChangeLog1213-PCardiacDysrhythmia-Tachycardia.pdf	1180964_ChangeLog1213-PCardiacDysrhythmia-Tachycardia.pdf
https://file.lacounty.gov/SDSInter/dhs/1180965_ChangeLog1231-PSeizure.pdf	1180965_ChangeLog1231-PSeizure.pdf
https://file.lacounty.gov/SDSInter/dhs/1180966_ChangeLog1236InhalationInjury.pdf	1180966_ChangeLog1236InhalationInjury.pdf
https://file.lacounty.gov/SDSInter/dhs/1180967_ChangeLog1236-PInhalationInjury.pdf	1180967_ChangeLog1236-PInhalationInjury.pdf
https://file.lacounty.gov/SDSInter/dhs/1180968_ChangeLog1237RespiratoryDistress.pdf	1180968_ChangeLog1237RespiratoryDistress.pdf
https://file.lacounty.gov/SDSInter/dhs/1180969_ChangeLog1237-PRespiratoryDistress.pdf	1180969_ChangeLog1237-PRespiratoryDistress.pdf
https://file.lacounty.gov/SDSInter/dhs/1180970_ChangeLog1238CarbonMonoxidePoisoning.pdf	1180970_ChangeLog1238CarbonMonoxidePoisoning.pdf
https://file.lacounty.gov/SDSInter/dhs/1180971_ChangeLog1238-PCarbonMonoxidePoisoning.pdf	1180971_ChangeLog1238-PCarbonMonoxidePoisoning.pdf
https://file.lacounty.gov/SDSInter/dhs/1180972_ChangeLog1240HAZMAT.pdf	1180972_ChangeLog1240HAZMAT.pdf
https://file.lacounty.gov/SDSInter/dhs/1180973_ChangeLog1240-PHAZMAT.pdf	1180973_ChangeLog1240-PHAZMAT.pdf
https://file.lacounty.gov/SDSInter/dhs/1180974_ChangeLog1242CrushInjury.pdf	1180974_ChangeLog1242CrushInjury.pdf
https://file.lacounty.gov/SDSInter/dhs/1180975_ChangeLog1242-PCrushInjury.pdf	1180975_ChangeLog1242-PCrushInjury.pdf
https://file.lacounty.gov/SDSInter/dhs/1180976_ChangeLog1244TraumaticInjury.pdf	1180976_ChangeLog1244TraumaticInjury.pdf
https://file.lacounty.gov/SDSInter/dhs/1180977_ChangeLog1244-PTraumaticInjury.pdf	1180977_ChangeLog1244-PTraumaticInjury.pdf
https://file.lacounty.gov/SDSInter/dhs/1180978_ChangeLog1302-AirwayManagement.pdf	1180978_ChangeLog1302-AirwayManagement.pdf
https://file.lacounty.gov/SDSInter/dhs/1180979_ChangeLogMCG1309ColorCodeDrugDoses.pdf	1180979_ChangeLogMCG1309ColorCodeDrugDoses.pdf
https://file.lacounty.gov/SDSInter/dhs/1180981_ChangeLogMCG1333MonitoringTransfusionofBloodProducts.pdf	1180981_ChangeLogMCG1333MonitoringTransfusionofBloodProducts.pdf
https://file.lacounty.gov/SDSInter/dhs/1180982_ChangeLogMCG1375VascularAccess.pdf	1180982_ChangeLogMCG1375VascularAccess.pdf
https://file.lacounty.gov/SDSInter/dhs/1180983_ChangeLog202PrehospitalCarePolicyDevelopmentandRevision.pdf	1180983_ChangeLog202PrehospitalCarePolicyDevelopmentandRevision.pdf
https://file.lacounty.gov/SDSInter/dhs/1180984_ChangeLog202.1PolicyReview-CommitteeAssignment.pdf	1180984_ChangeLog202.1PolicyReview-CommitteeAssignment.pdf
https://file.lacounty.gov/SDSInter/dhs/1180985_ChangeLog202.2PolicyReview-SummaryofComments.pdf	1180985_ChangeLog202.2PolicyReview-SummaryofComments.pdf
https://file.lacounty.gov/SDSInter/dhs/1180986_ChangeLog207EMSCommissionAdvisoryCommitees.pdf	1180986_ChangeLog207EMSCommissionAdvisoryCommitees.pdf
https://file.lacounty.gov/SDSInter/dhs/1180987_ChangeLog210LosAngelesCountyEmergencyMedicalServicesAgencyOrganizationalChart.pdf	1180987_ChangeLog210LosAngelesCountyEmergencyMedicalServicesAgencyOrganizationalChart.pdf
https://file.lacounty.gov/SDSInter/dhs/1180988_ChangeLog222DowngradeorClosureof911ReceivingHospitalsorEMS.pdf	1180988_ChangeLog222DowngradeorClosureof911ReceivingHospitalsorEMS.pdf
https://file.lacounty.gov/SDSInter/dhs/1180989_ChangeLog318PediatricMedicalCenterStandards.pdf	1180989_ChangeLog318PediatricMedicalCenterStandards.pdf
https://file.lacounty.gov/SDSInter/dhs/1180990_ChangeLog320SRCStandards.pdf	1180990_ChangeLog320SRCStandards.pdf
https://file.lacounty.gov/SDSInter/dhs/1180991_ChangeLog320.1TargetedTemperatureManagement.pdf	1180991_ChangeLog320.1TargetedTemperatureManagement.pdf
https://file.lacounty.gov/SDSInter/dhs/1180992_ChangeLog320.2SampleMOUIFTSRC.pdf	1180992_ChangeLog320.2SampleMOUIFTSRC.pdf
https://file.lacounty.gov/SDSInter/dhs/1180993_ChangeLog320.3SRCPerformanceMeasures.pdf	1180993_ChangeLog320.3SRCPerformanceMeasures.pdf
https://file.lacounty.gov/SDSInter/dhs/1180994_ChangeLog420PrivateAmbulanceOperatorMedicalDirector.pdf	1180994_ChangeLog420PrivateAmbulanceOperatorMedicalDirector.pdf
https://file.lacounty.gov/SDSInter/dhs/1180995_ChangeLog505-APOT.pdf	1180995_ChangeLog505-APOT.pdf
https://file.lacounty.gov/SDSInter/dhs/1180996_ChangeLog519ManagementofMultipleCasualtyIncidents.pdf	1180996_ChangeLog519ManagementofMultipleCasualtyIncidents.pdf
https://file.lacounty.gov/SDSInter/dhs/1180997_ChangeLog519.1MCIDefinitions.pdf	1180997_ChangeLog519.1MCIDefinitions.pdf
https://file.lacounty.gov/SDSInter/dhs/1180998_ChangeLog519.2MCITriageGuidelines.pdf	1180998_ChangeLog519.2MCITriageGuidelines.pdf
https://file.lacounty.gov/SDSInter/dhs/1180999_ChangeLog519.3MCITransportManagement.pdf	1180999_ChangeLog519.3MCITransportManagement.pdf
https://file.lacounty.gov/SDSInter/dhs/1181000_ChangeLog519.4MCITransportPriorityGuidelines.pdf	1181000_ChangeLog519.4MCITransportPriorityGuidelines.pdf
https://file.lacounty.gov/SDSInter/dhs/1181001_ChangeLog519.5MCIFieldDecontaminationGuidelines.pdf	1181001_ChangeLog519.5MCIFieldDecontaminationGuidelines.pdf
https://file.lacounty.gov/SDSInter/dhs/1181002_ChangeLog519.6RegionalMCIMapsandBedAvailWorksheets.pdf	1181002_ChangeLog519.6RegionalMCIMapsandBedAvailWorksheets.pdf
https://file.lacounty.gov/SDSInter/dhs/1181003_ChangeLog519.6aMCIBedAvailabilityWorksheet-NorthRegion.pdf	1181003_ChangeLog519.6aMCIBedAvailabilityWorksheet-NorthRegion.pdf
https://file.lacounty.gov/SDSInter/dhs/1181004_ChangeLog519.6bMCIBedAvailabilityWorksheet-SouthRegion.pdf	1181004_ChangeLog519.6bMCIBedAvailabilityWorksheet-SouthRegion.pdf
https://file.lacounty.gov/SDSInter/dhs/1181005_ChangeLog519.6cMCIBedAvailabilityWorksheet-EastRegion.pdf	1181005_ChangeLog519.6cMCIBedAvailabilityWorksheet-EastRegion.pdf
https://file.lacounty.gov/SDSInter/dhs/1181006_ChangeLog519.6dMCIBedAvailabilityWorksheet-WestRegion.pdf	1181006_ChangeLog519.6dMCIBedAvailabilityWorksheet-WestRegion.pdf
https://file.lacounty.gov/SDSInter/dhs/1181007_ChangeLog620EMSQualityImprovementProgram.pdf	1181007_ChangeLog620EMSQualityImprovementProgram.pdf
https://file.lacounty.gov/SDSInter/dhs/1181008_ChangeLog702ControlledDrugsCarriedOnALSSCTandAPRUUnits.pdf	1181008_ChangeLog702ControlledDrugsCarriedOnALSSCTandAPRUUnits.pdf
https://file.lacounty.gov/SDSInter/dhs/1181009_ChangeLog702.1ProviderAgencyMedicalDirectorNotificationofControlledDrugProgramImplementation.pdf	1181009_ChangeLog702.1ProviderAgencyMedicalDirectorNotificationofControlledDrugProgramImplementation.pdf
https://file.lacounty.gov/SDSInter/dhs/1181010_ChangeLog702.2DailyControlledDrugInventoryForm.pdf	1181010_ChangeLog702.2DailyControlledDrugInventoryForm.pdf
https://file.lacounty.gov/SDSInter/dhs/1181011_ChangeLog702.3LostMissingControlledDrugReportingForm.pdf	1181011_ChangeLog702.3LostMissingControlledDrugReportingForm.pdf
https://file.lacounty.gov/SDSInter/dhs/1181012_ChangeLog702.4MonthlyDrugStorageInspectionForm.pdf	1181012_ChangeLog702.4MonthlyDrugStorageInspectionForm.pdf
https://file.lacounty.gov/SDSInter/dhs/1181013_ChangeLog803ParamedicScopeofPractice.pdf	1181013_ChangeLog803ParamedicScopeofPractice.pdf
https://file.lacounty.gov/SDSInter/dhs/1181014_ChangeLog803.1LosAngelesCountyParamedicScopeofPracticeTABLE04-2023.pdf	1181014_ChangeLog803.1LosAngelesCountyParamedicScopeofPracticeTABLE04-2023.pdf
https://file.lacounty.gov/SDSInter/dhs/1181137_ChangeLog1130TraumaCenterEmergencyPreparedness.pdf	1181137_ChangeLog1130TraumaCenterEmergencyPreparedness.pdf
https://file.lacounty.gov/SDSInter/dhs/1181139_ChangeLog1124DisasterExerciseDrills.pdf	1181139_ChangeLog1124DisasterExerciseDrills.pdf
https://file.lacounty.gov/SDSInter/dhs/1181388_ChangeLogMCG1317.20Glucagon.pdf	1181388_ChangeLogMCG1317.20Glucagon.pdf
https://file.lacounty.gov/SDSInter/dhs/1181389_ChangeLogMCG1317.13Dextrose.pdf	1181389_ChangeLogMCG1317.13Dextrose.pdf
https://file.lacounty.gov/SDSInter/dhs/1183467_StrokeCenterDataDictionary.pdf	1183467_StrokeCenterDataDictionary.pdf
https://file.lacounty.gov/SDSInter/dhs/1183468_600TableofContents.pdf	1183468_600TableofContents.pdf
https://file.lacounty.gov/SDSInter/dhs/1187313_1306EvaluationandCareofPatientsAtRiskofSuicide.pdf	1187313_1306EvaluationandCareofPatientsAtRiskofSuicide.pdf
https://file.lacounty.gov/SDSInter/dhs/1187314_1306.1ColumbiaSuicideSeverityRiskScale.pdf	1187314_1306.1ColumbiaSuicideSeverityRiskScale.pdf
https://file.lacounty.gov/SDSInter/dhs/1187315_1306.2DispositionGuidanceforPatientsatRiskofSuicide.pdf	1187315_1306.2DispositionGuidanceforPatientsatRiskofSuicide.pdf
https://file.lacounty.gov/SDSInter/dhs/1187316_1318-eCPRPatientAlgorithm.pdf	1187316_1318-eCPRPatientAlgorithm.pdf
https://file.lacounty.gov/SDSInter/dhs/1187317_321ECPRReceivingCenterStandards.pdf	1187317_321ECPRReceivingCenterStandards.pdf
https://file.lacounty.gov/SDSInter/dhs/1187318_ChangeLog201MedicalManagementofPrehospitalCare.pdf	1187318_ChangeLog201MedicalManagementofPrehospitalCare.pdf
https://file.lacounty.gov/SDSInter/dhs/1187319_ChangeLog201.1SampleAgreementForReleaseAndLimitedUseofParamedicBaseHospitalAudioRecordings.pdf	1187319_ChangeLog201.1SampleAgreementForReleaseAndLimitedUseofParamedicBaseHospitalAudioRecordings.pdf
https://file.lacounty.gov/SDSInter/dhs/1187320_ChangeLog503-GuidelinesforHospitalsRequestingDiversionofALS_BLSPatients.pdf	1187320_ChangeLog503-GuidelinesforHospitalsRequestingDiversionofALS_BLSPatients.pdf
https://file.lacounty.gov/SDSInter/dhs/1187321_ChangeLog513STEMIPatientDestination.pdf	1187321_ChangeLog513STEMIPatientDestination.pdf
https://file.lacounty.gov/SDSInter/dhs/1187322_ChangeLog518-DecompressionEmergencies_PatientDestination.pdf	1187322_ChangeLog518-DecompressionEmergencies_PatientDestination.pdf
https://file.lacounty.gov/SDSInter/dhs/1187323_ChangeLog526PsychiatricUrgentCareCenterPatientDestinations.pdf	1187323_ChangeLog526PsychiatricUrgentCareCenterPatientDestinations.pdf
https://file.lacounty.gov/SDSInter/dhs/1187324_ChangeLog814Determination_PronouncementofDeathintheField.pdf	1187324_ChangeLog814Determination_PronouncementofDeathintheField.pdf
https://file.lacounty.gov/SDSInter/dhs/1187325_ChangeLog830EMSPilotandScientificStudies.pdf	1187325_ChangeLog830EMSPilotandScientificStudies.pdf
https://file.lacounty.gov/SDSInter/dhs/1187326_ChangeLog834.1PatientRefusalofTreatmentTransportTreatandReleaseQuickReferenceGuide.pdf	1187326_ChangeLog834.1PatientRefusalofTreatmentTransportTreatandReleaseQuickReferenceGuide.pdf
https://file.lacounty.gov/SDSInter/dhs/1187327_ChangeLog1200.1GeneralInstructions.pdf	1187327_ChangeLog1200.1GeneralInstructions.pdf
https://file.lacounty.gov/SDSInter/dhs/1187328_ChangeLog1200.3ProviderImpressions.pdf	1187328_ChangeLog1200.3ProviderImpressions.pdf
https://file.lacounty.gov/SDSInter/dhs/1187329_ChangeLog1200.4BLSUpdgradetoALSAssessment.pdf	1187329_ChangeLog1200.4BLSUpdgradetoALSAssessment.pdf
https://file.lacounty.gov/SDSInter/dhs/1187330_ChangeLog1209Behavioral_PsychiatricCrisis.pdf	1187330_ChangeLog1209Behavioral_PsychiatricCrisis.pdf
https://file.lacounty.gov/SDSInter/dhs/1187331_ChangeLog1209-PBehavioral_PsychiatricCrisis.pdf	1187331_ChangeLog1209-PBehavioral_PsychiatricCrisis.pdf
https://file.lacounty.gov/SDSInter/dhs/1187332_ChangeLog1307-CareofthePatientwithAgitation.pdf	1187332_ChangeLog1307-CareofthePatientwithAgitation.pdf
https://file.lacounty.gov/SDSInter/dhs/1187333_ChangeLog1307.1-FlowchartforIntialApproachtoSceneSafety.pdf	1187333_ChangeLog1307.1-FlowchartforIntialApproachtoSceneSafety.pdf
https://file.lacounty.gov/SDSInter/dhs/1187334_ChangeLog1307.2-VerbalDe-Escalaction_ERASERMnemonic.pdf	1187334_ChangeLog1307.2-VerbalDe-Escalaction_ERASERMnemonic.pdf
https://file.lacounty.gov/SDSInter/dhs/1187335_ChangeLog1307.3-CommonEtiologiesofAgitation_FieldPresentation_LikelihoodVerbalDe-Escalation.pdf	1187335_ChangeLog1307.3-CommonEtiologiesofAgitation_FieldPresentation_LikelihoodVerbalDe-Escalation.pdf
https://file.lacounty.gov/SDSInter/dhs/1187336_ChangeLog1307.4-EMSandLawEnforcementCo-Response.pdf	1187336_ChangeLog1307.4-EMSandLawEnforcementCo-Response.pdf
https://file.lacounty.gov/SDSInter/dhs/1187363_ChangeLog1232Stroke_CVS_TIA.pdf	1187363_ChangeLog1232Stroke_CVS_TIA.pdf
https://file.lacounty.gov/SDSInter/dhs/1187364_ChangeLog1303-AlgorithmforCathLabActivation.pdf	1187364_ChangeLog1303-AlgorithmforCathLabActivation.pdf
https://file.lacounty.gov/SDSInter/dhs/1187365_ChangeLog838ApplicationofPatientRestraints.pdf	1187365_ChangeLog838ApplicationofPatientRestraints.pdf
https://file.lacounty.gov/SDSInter/dhs/1187409_1200.0TableofContents.pdf	1187409_1200.0TableofContents.pdf
https://file.lacounty.gov/SDSInter/dhs/1188049_1317.25-Midazolam.pdf	1188049_1317.25-Midazolam.pdf
https://file.lacounty.gov/SDSInter/dhs/1188907_401.1AmbulanceOperators.pdf	1188907_401.1AmbulanceOperators.pdf
https://file.lacounty.gov/SDSInter/dhs/1189952_501HospitalDirectory.pdf	1189952_501HospitalDirectory.pdf
https://file.lacounty.gov/SDSInter/dhs/1190190_LAC-EMSNEMSIS3.5.0DataDictionary.pdf	1190190_LAC-EMSNEMSIS3.5.0DataDictionary.pdf
https://file.lacounty.gov/SDSInter/dhs/206046_1010.pdf	206046_1010.pdf
https://file.lacounty.gov/SDSInter/dhs/206070_1106.1_060114.pdf	206070_1106.1_060114.pdf
https://file.lacounty.gov/SDSInter/dhs/206071_1106-2.pdf	206071_1106-2.pdf
https://file.lacounty.gov/SDSInter/dhs/206091_1138-1.pdf	206091_1138-1.pdf
https://file.lacounty.gov/SDSInter/dhs/206100_1221.pdf	206100_1221.pdf
https://file.lacounty.gov/SDSInter/dhs/206106_1233.pdf	206106_1233.pdf
https://file.lacounty.gov/SDSInter/dhs/206108_1241.pdf	206108_1241.pdf
https://file.lacounty.gov/SDSInter/dhs/206164_20410-01-15.pdf	206164_20410-01-15.pdf
https://file.lacounty.gov/SDSInter/dhs/206166_20612-15-14.pdf	206166_20612-15-14.pdf
https://file.lacounty.gov/SDSInter/dhs/206169_2125-15-15.pdf	206169_2125-15-15.pdf
https://file.lacounty.gov/SDSInter/dhs/206170_214.pdf	206170_214.pdf
https://file.lacounty.gov/SDSInter/dhs/206175_22612-15-14.pdf	206175_22612-15-14.pdf
https://file.lacounty.gov/SDSInter/dhs/206176_227.pdf	206176_227.pdf
https://file.lacounty.gov/SDSInter/dhs/206177_228.pdf	206177_228.pdf
https://file.lacounty.gov/SDSInter/dhs/206193_401.pdf	206193_401.pdf
https://file.lacounty.gov/SDSInter/dhs/206211_4166-30-15.pdf	206211_4166-30-15.pdf
https://file.lacounty.gov/SDSInter/dhs/206229_50210-01-15.pdf	206229_50210-01-15.pdf
https://file.lacounty.gov/SDSInter/dhs/206237_ReferenceNo.506TraumaTriage.pdf	206237_ReferenceNo.506TraumaTriage.pdf
https://file.lacounty.gov/SDSInter/dhs/206251_ReferenceNo.511PerinatalPatientDestination.pdf	206251_ReferenceNo.511PerinatalPatientDestination.pdf
https://file.lacounty.gov/SDSInter/dhs/206252_5122-28-15.pdf	206252_5122-28-15.pdf
https://file.lacounty.gov/SDSInter/dhs/206254_51309-01-15.pdf	206254_51309-01-15.pdf
https://file.lacounty.gov/SDSInter/dhs/206256_515.pdf	206256_515.pdf
https://file.lacounty.gov/SDSInter/dhs/206257_516.pdf	206257_516.pdf
https://file.lacounty.gov/SDSInter/dhs/206258_517-1.pdf	206258_517-1.pdf
https://file.lacounty.gov/SDSInter/dhs/206268_520.pdf	206268_520.pdf
https://file.lacounty.gov/SDSInter/dhs/206288_618.pdf	206288_618.pdf
https://file.lacounty.gov/SDSInter/dhs/206289_62001-01-16.pdf	
https://file.lacounty.gov/SDSInter/dhs/206290_6211_04-01-16.pdf	206290_6211_04-01-16.pdf
https://file.lacounty.gov/SDSInter/dhs/206332_Ref.No.814_DeterminationofDeath_06-21-16.pdf	206332_Ref.No.814_DeterminationofDeath_06-21-16.pdf
https://file.lacounty.gov/SDSInter/dhs/206333_815.12-28-15.pdf	206333_815.12-28-15.pdf
https://file.lacounty.gov/SDSInter/dhs/206334_815.209-01-15.pdf	206334_815.209-01-15.pdf
https://file.lacounty.gov/SDSInter/dhs/206335_Ref.No.815_DNR_POLST_2016-06-21.pdf	206335_Ref.No.815_DNR_POLST_2016-06-21.pdf
https://file.lacounty.gov/SDSInter/dhs/206341_822.17-1-14.pdf	206341_822.17-1-14.pdf
https://file.lacounty.gov/SDSInter/dhs/206342_822-2.pdf	206342_822-2.pdf
https://file.lacounty.gov/SDSInter/dhs/206353_836-3.pdf	206353_836-3.pdf
https://file.lacounty.gov/SDSInter/dhs/206811_EMSAnnualDataReport2013.pdf	206811_EMSAnnualDataReport2013.pdf
https://file.lacounty.gov/SDSInter/dhs/206812_EMSAnnualReport2012.pdf	206812_EMSAnnualReport2012.pdf
https://file.lacounty.gov/SDSInter/dhs/206849_Public-ApprovedSkillsPrograms3-15.pdf	206849_Public-ApprovedSkillsPrograms3-15.pdf
https://file.lacounty.gov/SDSInter/dhs/206979_MasterTableofContents2015CP09-01-15.pdf	206979_MasterTableofContents2015CP09-01-15.pdf
https://file.lacounty.gov/SDSInter/dhs/207215_RefNo100.pdf	207215_RefNo100.pdf
https://file.lacounty.gov/SDSInter/dhs/207218_200TableofContents.pdf	207218_200TableofContents.pdf
https://file.lacounty.gov/SDSInter/dhs/207223_800TableofContentsCP09-01-15.pdf	207223_800TableofContentsCP09-01-15.pdf
https://file.lacounty.gov/SDSInter/dhs/217800_503-GuidelinesforHospitalsRequestingDiversionofALSPatients.pdf	217800_503-GuidelinesforHospitalsRequestingDiversionofALSPatients.pdf
https://file.lacounty.gov/SDSInter/dhs/219557_1107.16-1-14.pdf	219557_1107.16-1-14.pdf
https://file.lacounty.gov/SDSInter/dhs/220127_2014EMSAnnualDataReport(3).pdf	220127_2014EMSAnnualDataReport_3_.pdf
https://file.lacounty.gov/SDSInter/dhs/222408_226.112-15-14Algorithm.pdf	222408_226.112-15-14Algorithm.pdf
https://file.lacounty.gov/SDSInter/dhs/224999_822.37-1-14.pdf	224999_822.37-1-14.pdf
https://file.lacounty.gov/SDSInter/dhs/236246_2015EMSAnnualDataReport(00000002).pdf	236246_2015EMSAnnualDataReport_00000002_.pdf
https://file.lacounty.gov/SDSInter/dhs/238251_AttachementA-2014EMSQIOrgChart.pdf	238251_AttachementA-2014EMSQIOrgChart.pdf
https://file.lacounty.gov/SDSInter/dhs/238253_AttachmentC-BaseMandatoryDataElements.pdf	238253_AttachmentC-BaseMandatoryDataElements.pdf
https://file.lacounty.gov/SDSInter/dhs/245631_RefNo8153SampleAttestation_2016-06-21_00000002_.pdf	245631_RefNo8153SampleAttestation_2016-06-21_00000002_.pdf
https://file.lacounty.gov/SDSInter/dhs/245997_EndofLifeOptionWebsiteMessageMGH.pdf	245997_EndofLifeOptionWebsiteMessageMGH.pdf
https://file.lacounty.gov/SDSInter/dhs/246112_842.27116.pdf	246112_842.27116.pdf
https://file.lacounty.gov/SDSInter/dhs/246113_842.37116.pdf	246113_842.37116.pdf
https://file.lacounty.gov/dhs/cms1_206051.pdf	cms1_206051.pdf
https://file.lacounty.gov/dhs/cms1_206053.pdf	cms1_206053.pdf
https://file.lacounty.gov/dhs/cms1_206055.pdf	cms1_206055.pdf
https://file.lacounty.gov/dhs/cms1_206060.pdf	cms1_206060.pdf
https://file.lacounty.gov/dhs/cms1_206068.pdf	cms1_206068.pdf
https://file.lacounty.gov/dhs/cms1_206069.pdf	cms1_206069.pdf
https://file.lacounty.gov/dhs/cms1_206073.pdf	cms1_206073.pdf
https://file.lacounty.gov/dhs/cms1_206078.pdf	cms1_206078.pdf
https://file.lacounty.gov/dhs/cms1_206080.pdf	cms1_206080.pdf
https://file.lacounty.gov/dhs/cms1_206081.pdf	cms1_206081.pdf
https://file.lacounty.gov/dhs/cms1_206086.pdf	cms1_206086.pdf
https://file.lacounty.gov/dhs/cms1_206088.pdf	cms1_206088.pdf
https://file.lacounty.gov/dhs/cms1_206092.pdf	cms1_206092.pdf
https://file.lacounty.gov/dhs/cms1_206093.pdf	cms1_206093.pdf
https://file.lacounty.gov/dhs/cms1_206183.pdf	cms1_206183.pdf
https://file.lacounty.gov/dhs/cms1_206184.pdf	cms1_206184.pdf
https://file.lacounty.gov/dhs/cms1_206193.pdf	cms1_206193.pdf
https://file.lacounty.gov/dhs/cms1_206194.pdf	cms1_206194.pdf
https://file.lacounty.gov/dhs/cms1_206195.pdf	cms1_206195.pdf
https://file.lacounty.gov/dhs/cms1_206197.pdf	cms1_206197.pdf
https://file.lacounty.gov/dhs/cms1_206198.pdf	cms1_206198.pdf
https://file.lacounty.gov/dhs/cms1_206199.pdf	cms1_206199.pdf
https://file.lacounty.gov/dhs/cms1_206202.pdf	cms1_206202.pdf
https://file.lacounty.gov/dhs/cms1_206203.pdf	cms1_206203.pdf
https://file.lacounty.gov/dhs/cms1_206205.pdf	cms1_206205.pdf
https://file.lacounty.gov/dhs/cms1_206209.pdf	cms1_206209.pdf
https://file.lacounty.gov/dhs/cms1_206212.pdf	cms1_206212.pdf
https://file.lacounty.gov/dhs/cms1_206213.pdf	cms1_206213.pdf
https://file.lacounty.gov/dhs/cms1_206215.pdf	cms1_206215.pdf
https://file.lacounty.gov/dhs/cms1_206216.pdf	cms1_206216.pdf
https://file.lacounty.gov/dhs/cms1_206217.pdf	cms1_206217.pdf
https://file.lacounty.gov/dhs/cms1_206218.pdf	cms1_206218.pdf
https://file.lacounty.gov/dhs/cms1_206219.pdf	cms1_206219.pdf
https://file.lacounty.gov/dhs/cms1_206220.pdf	cms1_206220.pdf
https://file.lacounty.gov/dhs/cms1_206221.pdf	cms1_206221.pdf
https://file.lacounty.gov/dhs/cms1_206223.pdf	cms1_206223.pdf
https://file.lacounty.gov/dhs/cms1_206224.pdf	cms1_206224.pdf
https://file.lacounty.gov/dhs/cms1_206225.pdf	cms1_206225.pdf
https://file.lacounty.gov/dhs/cms1_206228.pdf	
https://file.lacounty.gov/dhs/cms1_206230.pdf	cms1_206230.pdf
https://file.lacounty.gov/dhs/cms1_206234.pdf	cms1_206234.pdf
https://file.lacounty.gov/dhs/cms1_206236.pdf	cms1_206236.pdf
https://file.lacounty.gov/dhs/cms1_206239.pdf	cms1_206239.pdf
https://file.lacounty.gov/dhs/cms1_206253.pdf	cms1_206253.pdf
https://file.lacounty.gov/dhs/cms1_206256.pdf	cms1_206256.pdf
https://file.lacounty.gov/dhs/cms1_206275.pdf	cms1_206275.pdf
https://file.lacounty.gov/dhs/cms1_206277.pdf	cms1_206277.pdf
https://file.lacounty.gov/dhs/cms1_206279.pdf	cms1_206279.pdf
https://file.lacounty.gov/dhs/cms1_206280.pdf	cms1_206280.pdf
https://file.lacounty.gov/dhs/cms1_206282.pdf	cms1_206282.pdf
https://file.lacounty.gov/dhs/cms1_206291.pdf	cms1_206291.pdf
https://file.lacounty.gov/dhs/cms1_206294.pdf	cms1_206294.pdf
https://file.lacounty.gov/dhs/cms1_206297.pdf	cms1_206297.pdf
https://file.lacounty.gov/dhs/cms1_206307.pdf	cms1_206307.pdf
https://file.lacounty.gov/dhs/cms1_206310.pdf	cms1_206310.pdf
https://file.lacounty.gov/dhs/cms1_206313.pdf	cms1_206313.pdf
https://file.lacounty.gov/dhs/cms1_206315.pdf	cms1_206315.pdf
https://file.lacounty.gov/dhs/cms1_206319.pdf	cms1_206319.pdf
https://file.lacounty.gov/dhs/cms1_206320.pdf	cms1_206320.pdf
https://file.lacounty.gov/dhs/cms1_206336.pdf	cms1_206336.pdf
https://file.lacounty.gov/dhs/cms1_206339.pdf	cms1_206339.pdf
https://file.lacounty.gov/dhs/cms1_206344.pdf	cms1_206344.pdf
https://file.lacounty.gov/dhs/cms1_206348.pdf	cms1_206348.pdf
https://file.lacounty.gov/dhs/cms1_206349.pdf	cms1_206349.pdf
https://file.lacounty.gov/dhs/cms1_206350.pdf	cms1_206350.pdf
https://file.lacounty.gov/dhs/cms1_206351.pdf	cms1_206351.pdf
https://file.lacounty.gov/dhs/cms1_206352.pdf	cms1_206352.pdf
https://file.lacounty.gov/dhs/cms1_206354.pdf	cms1_206354.pdf
https://file.lacounty.gov/dhs/cms1_206356.pdf	cms1_206356.pdf
https://file.lacounty.gov/dhs/cms1_206357.pdf	cms1_206357.pdf
https://file.lacounty.gov/dhs/cms1_206359.pdf	cms1_206359.pdf
https://file.lacounty.gov/dhs/cms1_206363.pdf	cms1_206363.pdf
https://file.lacounty.gov/dhs/cms1_206543.pdf	
https://file.lacounty.gov/dhs/cms1_206638.pdf	cms1_206638.pdf
https://file.lacounty.gov/dhs/cms1_206657.pdf	
https://file.lacounty.gov/dhs/cms1_206765.pdf	cms1_206765.pdf
https://file.lacounty.gov/dhs/cms1_206813.pdf	cms1_206813.pdf
https://file.lacounty.gov/dhs/cms1_206888.pdf	cms1_206888.pdf
https://file.lacounty.gov/dhs/cms1_206939.pdf	cms1_206939.pdf
https://file.lacounty.gov/dhs/cms1_207101.pdf	cms1_207101.pdf
https://file.lacounty.gov/dhs/cms1_207123.pdf	cms1_207123.pdf
https://file.lacounty.gov/dhs/cms1_207124.pdf	cms1_207124.pdf
https://file.lacounty.gov/dhs/cms1_207211.pdf	cms1_207211.pdf
https://file.lacounty.gov/dhs/cms1_207213.pdf	cms1_207213.pdf
https://file.lacounty.gov/dhs/cms1_207216.pdf	cms1_207216.pdf
https://file.lacounty.gov/dhs/cms1_207219.pdf	cms1_207219.pdf
https://file.lacounty.gov/dhs/cms1_207220.pdf	cms1_207220.pdf
https://file.lacounty.gov/dhs/cms1_207221.pdf	cms1_207221.pdf
https://file.lacounty.gov/dhs/cms1_207224.pdf	cms1_207224.pdf
https://file.lacounty.gov/dhs/cms1_219551.pdf	cms1_219551.pdf
https://file.lacounty.gov/dhs/cms1_238671.pdf	cms1_238671.pdf
https://file.lacounty.gov/dhs/cms1_246111.pdf	cms1_246111.pdf
